Pos,Game,Game.1,Console,Publisher,VGChartz Score,Critic Score,User Score,Total Shipped,Release Date,Last Update,Unnamed: 11_level_2,Console_Scraped
1,Tetris,Tetris,,Nintendo,,,,35.00m,31st Jul 89,,,GB
2,Pokémon Red / Green / Blue Version,Pokémon Red / Green / Blue Version,,Nintendo,,9.4,,31.38m,30th Sep 98,,,GB
3,Pokémon Gold / Silver Version,Pokémon Gold / Silver Version,,Nintendo,,9.2,,23.10m,14th Oct 00,,,GB
4,Super Mario Land,Super Mario Land,,Nintendo,,,,18.14m,01st Aug 89,,,GB
5,Pokémon Yellow: Special Pikachu Edition,Pokémon Yellow: Special Pikachu Edition,,Nintendo,,8.7,,14.64m,19th Oct 99,,,GB
6,Super Mario Land 2: 6 Golden Coins,Super Mario Land 2: 6 Golden Coins,,Nintendo,,9.0,,11.18m,02nd Nov 92,,,GB
7,Dr. Mario,Dr. Mario,,Nintendo,,,,5.34m,01st Dec 90,,,GB
8,Super Mario Land 3: Wario Land,Super Mario Land 3: Wario Land,,Nintendo,,7.9,,5.19m,09th Feb 94,,,GB
9,Kirby's Dream Land,Kirby's Dream Land,,Nintendo,,,,5.13m,01st Aug 92,,,GB
10,Super Mario Bros. Deluxe,Super Mario Bros. Deluxe,,Nintendo,,9.7,,5.07m,30th Apr 99,,,GB
11,Donkey Kong Land,Donkey Kong Land,,Nintendo,,,,3.91m,26th Jul 95,,,GB
12,The Legend of Zelda: Link's Awakening,The Legend of Zelda: Link's Awakening,,Nintendo,,,,3.83m,01st Aug 93,,,GB
13,Pokémon Trading Card Game,Pokémon Trading Card Game,,Nintendo,,8.3,,3.72m,10th Apr 00,,,GB
14,F-1 Race,F-1 Race,,Nintendo,,,,3.41m,01st Feb 91,,,GB
15,Yoshi,Yoshi,,Nintendo,,,,3.12m,01st Jul 92,,,GB
16,Donkey Kong,Donkey Kong,,Nintendo,,,,3.07m,01st Jun 94,,,GB
17,Kirby's Dream Land 2,Kirby's Dream Land 2,,Nintendo,,,,2.36m,01st May 95,,,GB
18,Dragon Quest Monsters,Dragon Quest Monsters,,Eidos Interactive,,,,2.35m,31st Dec 99,27th Mar 18,,GB
19,Donkey Kong Land 2,Donkey Kong Land 2,,Nintendo,,,,2.35m,01st Sep 96,,,GB
20,Wario Land 3,Wario Land 3,,Nintendo,,,,2.20m,01st May 00,,,GB
21,Kirby's Pinball Land,Kirby's Pinball Land,,Nintendo,,,,2.19m,28th Nov 93,,,GB
22,Yu-Gi-Oh: Duel Monsters 4,Yu-Gi-Oh: Duel Monsters 4,,Konami,,,,2.18m,07th Dec 00,,,GB
23,Golf,Golf,,Nintendo,,,,2.12m,01st Feb 90,,,GB
24,Tennis,Tennis,,Nintendo,,,,1.99m,01st Aug 89,,,GB
25,Alleyway,Alleyway,,Nintendo,,,,1.94m,01st Aug 89,,,GB
26,Harry Potter and the Sorcerer's Stone,Harry Potter and the Sorcerer's Stone,,Electronic Arts,,,,,21st Nov 01,,,GB
27,Metroid II: Return of Samus,Metroid II: Return of Samus,,Nintendo,,7.3,,1.72m,26th Aug 91,,,GB
28,Yu-Gi-Oh! Duel Monsters,Yu-Gi-Oh! Duel Monsters,,Konami,,,,1.61m,16th Dec 98,,,GB
29,Baseball,Baseball,,Nintendo,,,,1.61m,01st Aug 89,,,GB
30,Dragon Quest Monsters 2: Cobi's Journey,Dragon Quest Monsters 2: Cobi's Journey,,Enix,,,,1.60m,15th Sep 01,06th May 18,,GB
31,Yoshi's Cookie,Yoshi's Cookie,,Nintendo,,,,1.53m,01st Jan 93,,,GB
32,Wario Land II,Wario Land II,,Nintendo,,,,1.48m,02nd Mar 98,,,GB
33,Game de Hakken!! Tamagotchi 2,Game de Hakken!! Tamagotchi 2,,Bandai,,,,,17th Oct 97,,,GB
34,Tamagotchi,Tamagotchi,,Bandai,,,,,26th Jun 97,,,GB
35,Disney's DuckTales,Disney's DuckTales,,Capcom,,,,1.43m,01st Nov 90,,,GB
36,The Final Fantasy Legend,The Final Fantasy Legend,,Square,,6.0,,1.37m,01st Sep 90,,,GB
37,Tony Hawk's Pro Skater,Tony Hawk's Pro Skater,,Activision,,7.1,,,29th Feb 00,,,GB
38,Yakuman,Yakuman,,Nintendo,,,,1.28m,21st Apr 89,,,GB
39,Tetris 2,Tetris 2,,Nintendo,,,,1.24m,01st Jan 93,08th Jan 19,,GB
40,Kirby Tilt 'n' Tumble,Kirby Tilt 'n' Tumble,,Nintendo,,,,1.23m,11th Apr 01,,,GB
41,Game & Watch Gallery 3,Game & Watch Gallery 3,,Nintendo,,,,1.22m,16th Apr 99,,,GB
42,Game & Watch Gallery 2,Game & Watch Gallery 2,,Nintendo,,,,1.22m,15th Jun 98,,,GB
43,SolarStriker,SolarStriker,,Nintendo,,,,1.20m,01st Jan 90,,,GB
44,Mario Tennis,Mario Tennis,,Nintendo,,,,1.18m,16th Jan 01,,,GB
45,Qix,Qix,,Nintendo,,,,1.15m,01st May 90,,,GB
46,Super R.C. Pro-Am,Super R.C. Pro-Am,,Nintendo,,,,1.14m,01st Oct 91,,,GB
47,Yu-Gi-Oh! Duel Monsters II: Dark Duel Stories,Yu-Gi-Oh! Duel Monsters II: Dark Duel Stories,,Konami,,,,1.10m,08th Jul 99,,,GB
48,Donkey Kong Land III,Donkey Kong Land III,,Nintendo,,,,1.03m,01st Sep 97,,,GB
49,Mega Man II,Mega Man II,,Capcom,,,,1.00m,29th Jan 92,,,GB
50,Mega Man: Dr. Wily's Revenge,Mega Man: Dr. Wily's Revenge,,Capcom,,,,1.00m,01st Dec 91,,,GB
51,Game & Watch Gallery,Game & Watch Gallery,,Nintendo,,,,1.00m,01st May 97,,,GB
52,Pokémon Card GB2: GRdan Sanjou,Pokémon Card GB2: GRdan Sanjou,,Nintendo,,,,,28th Mar 01,,,GB
53,Yu-Gi-Oh! Dark Duel Stories,Yu-Gi-Oh! Dark Duel Stories,,Konami,,6.2,,,18th Mar 02,,,GB
54,Dragon Quest III,Dragon Quest III,,Enix,,,,,16th Jul 01,06th May 18,,GB
55,Dragon Warrior I&II,Dragon Warrior I&II,,Enix,,,,,27th Sep 00,,,GB
56,Final Fantasy Legend III,Final Fantasy Legend III,,Square,,7.0,,,29th Sep 93,,,GB
57,Yoshi,Yoshi,,Nintendo,,,,,01st Jul 92,,,GB
58,Mario's Picross,Mario's Picross,,Nintendo,,,,,01st Mar 95,,,GB
59,Medarot 2: Kabuto / Kuwagata Version,Medarot 2: Kabuto / Kuwagata Version,,Imagineer,,,,,23rd Jul 99,,,GB
60,Batman,Batman,,Sunsoft,,,,0.50m,01st Jun 90,,,GB
61,Medarot: Kabuto / Kuwagata Version,Medarot: Kabuto / Kuwagata Version,,Imagineer,,,,,28th Nov 97,,,GB
62,Dragon Warrior Monsters 2: Tara's Adventure,Dragon Warrior Monsters 2: Tara's Adventure,,Enix,,,,,15th Sep 01,,,GB
63,From TV Animation One Piece: Yume no Lufy Kaizokudan Tanjou!,From TV Animation One Piece: Yume no Lufy Kaizokudan Tanjou!,,Banpresto,,,,,27th Apr 01,,,GB
64,Wario Land II (GBC),Wario Land II (GBC),,Nintendo,,,,,02nd Mar 99,,,GB
65,Final Fantasy Adventure,Final Fantasy Adventure,,Square,,9.0,,,01st Nov 91,,,GB
66,Mini-Yonku GB: Let's & Go!!,Mini-Yonku GB: Let's & Go!!,,ASCII Entertainment,,,,,23rd May 97,,,GB
67,Picross 2,Picross 2,,Nintendo,,,,,19th Oct 96,,,GB
68,Extra Bases,Extra Bases,,Bandai,,,,,01st Apr 91,,,GB
69,Kirby's Block Ball,Kirby's Block Ball,,Nintendo,,,,,01st May 96,,,GB
70,Mario Golf,Mario Golf,,Nintendo,,,,,01st Oct 99,,,GB
71,Gameboy Gallery,Gameboy Gallery,,Nintendo,,,,,27th Apr 95,,,GB
72,Hamster Tarou,Hamster Tarou,,Jorudan,,,,,29th Oct 99,,,GB
73,Donkey Kong GB: Dinky Kong & Dixie Kong,Donkey Kong GB: Dinky Kong & Dixie Kong,,Nintendo,,,,,28th Jan 00,,,GB
74,Fushigi no Dungeon: Fuurai no Shiren GB: Tsukikagemura no Kaibutsu,Fushigi no Dungeon: Fuurai no Shiren GB: Tsukikagemura no Kaibutsu,,ChunSoft,,,,,22nd Nov 96,,,GB
75,Medarot 3: Kabuto / Kuwagata Version,Medarot 3: Kabuto / Kuwagata Version,,Imagineer,,,,,23rd Jul 00,,,GB
76,Power Pro Kun Pocket 2,Power Pro Kun Pocket 2,,Konami,,,,,30th Mar 00,,,GB
77,Harvest Moon GB,Harvest Moon GB,,Natsume,,,,,01st Aug 98,,,GB
78,Tetris 2 (weekly jp sales),Tetris 2 (weekly jp sales),,Nintendo,,,,,01st Jan 93,,,GB
79,Tetris Attack,Tetris Attack,,Nintendo,,,,,01st Aug 96,,,GB
80,Kirby's Star Stacker,Kirby's Star Stacker,,Nintendo,,,,,24th Jan 97,,,GB
81,Trade & Battle: Card Hero,Trade & Battle: Card Hero,,Nintendo,,,,,21st Feb 00,,,GB
82,GameBoy Wars,GameBoy Wars,,Nintendo,,,,,21st May 91,,,GB
83,Mega Man III,Mega Man III,,Capcom,,,,,01st Jan 92,,,GB
84,Power Pro Kun Pocket,Power Pro Kun Pocket,,Konami,,,,,01st Apr 99,,,GB
85,Sakura Wars GB,Sakura Wars GB,,Media Factory,,,,,28th Jul 00,,,GB
86,Yu-Gi-Oh! Monster Capture GB,Yu-Gi-Oh! Monster Capture GB,,Konami,,,,,13th Apr 00,,,GB
87,Tales of Phantasia: Narikiri Dungeon,Tales of Phantasia: Narikiri Dungeon,,Namco,,,,0.14m,10th Nov 00,,,GB
88,Star Ocean: Blue Sphere,Star Ocean: Blue Sphere,,Enix,,,,0.13m,28th Jun 01,,,GB
89,Mega Man IV,Mega Man IV,,Capcom,,,,,01st Jan 93,,,GB
90,Harvest Moon 2 GBC,Harvest Moon 2 GBC,,Natsume,,,,,11th Sep 00,,,GB
91,Medarot 4: Kabuto / Kuwagata Version,Medarot 4: Kabuto / Kuwagata Version,,Imagineer,,,,,23rd Mar 01,,,GB
92,Mega Man Xtreme,Mega Man Xtreme,,Capcom,,,,,11th Jan 01,,,GB
93,Mega Man Xtreme 2,Mega Man Xtreme 2,,Capcom,,,,,30th Oct 01,,,GB
94,Metal Gear Solid,Metal Gear Solid,,Konami,,,,,24th Apr 00,,,GB
95,Power Pro GB,Power Pro GB,,Konami,,,,,26th Mar 98,,,GB
96,Teenage Mutant Ninja Turtles II: Back from the Sewers,Teenage Mutant Ninja Turtles II: Back from the Sewers,,Konami,,,,,01st Dec 91,,,GB
97,Doraemon Quiz Boy 2,Doraemon Quiz Boy 2,,Epoch,,,,,04th Oct 02,,,GB
98,Sylvanian Families 2: Irozuku Mori no Fantasy,Sylvanian Families 2: Irozuku Mori no Fantasy,,Epoch,,,,,22nd Dec 00,,,GB
99,Love Hina Pocket,Love Hina Pocket,,Marvelous Interactive,,,,,04th Aug 00,,,GB
100,Bomberman Collection,Bomberman Collection,,Hudson Soft,,,,,21st Jul 96,,,GB
101,Othello World,Othello World,,Unknown,,,,,30th Sep 94,,,GB
102,LEGO Alpha Team,LEGO Alpha Team,,LEGO Media,,,,,01st Nov 00,,,GB
103,Project S-11,Project S-11,,Sunsoft,,,,,14th Dec 00,,,GB
104,Black Forest Tale,Black Forest Tale,,Sachen,,,,,01st Jan 93,,,GB
105,Pipe Dream,Pipe Dream,,Bullet Proof Software,,,,,01st Sep 90,,,GB
106,Wizardry Gaiden I: Joou no Junan,Wizardry Gaiden I: Joou no Junan,,ASCII Entertainment,,,,,01st Oct 91,,,GB
107,European Super League,European Super League,,Virgin Interactive,,,,,30th Mar 01,,,GB
108,Prophecy: The Viking Child,Prophecy: The Viking Child,,GameTek,,,,,01st Jul 92,,,GB
109,Skate or Die: Bad 'N Rad,Skate or Die: Bad 'N Rad,,Konami,,,,,01st Sep 90,,,GB
110,NBA in the Zone 2000,NBA in the Zone 2000,,Konami,,,,,27th Apr 00,,,GB
111,Tesserae,Tesserae,,GameTek,,,,,01st Aug 93,,,GB
112,Road Rash,Road Rash,,Ocean,,,,,01st Oct 96,,,GB
113,Sports Collection,Sports Collection,,Tonkin House,,,,,27th Sep 96,,,GB
114,NFL Blitz 2001,NFL Blitz 2001,,Midway Games,,,,,12th Sep 00,,,GB
115,seaQuest DSV,seaQuest DSV,,Malibu Games,,,,,01st Nov 94,,,GB
116,Super Black Bass,Super Black Bass,,Hot-B,,,,,01st Nov 98,,,GB
117,Bram Stoker's Dracula,Bram Stoker's Dracula,,Sony Imagesoft,,,,,01st Sep 93,,,GB
118,Lemmings & Oh No! More Lemmings,Lemmings & Oh No! More Lemmings,,Take-Two Interactive,,,,,01st Dec 00,,,GB
119,Tetris Blast,Tetris Blast,,Nintendo,,,,,01st Jan 96,,,GB
120,Bob the Builder: Fix it Fun!,Bob the Builder: Fix it Fun!,,THQ,,,,,01st Sep 01,,,GB
121,Capcom Quiz: Hatena? no Daibouken,Capcom Quiz: Hatena? no Daibouken,,Capcom,,,,,21st Dec 90,,,GB
122,Dance Dance Revolution GB Disney Mix,Dance Dance Revolution GB Disney Mix,,Konami,,,,,29th Mar 01,,,GB
123,Tom & Jerry,Tom & Jerry,,Hi Tech Expressions,,,,,01st Oct 92,,,GB
124,Batman Beyond: Return of the Joker,Batman Beyond: Return of the Joker,,Ubisoft,,,,,20th Nov 00,,,GB
125,Chalvo 55,Chalvo 55,,Unknown,,,,,21st Feb 97,,,GB
126,Marble Madness (GBC),Marble Madness (GBC),,Midway Games,,,,,01st Dec 99,,,GB
127,Turn and Burn: F-14 Dogfight Simulator,Turn and Burn: F-14 Dogfight Simulator,,Absolute Entertainment,,,,,01st May 92,,,GB
128,B-Daman Baku Gaiden: Victory e no Michi,B-Daman Baku Gaiden: Victory e no Michi,,Media Factory,,,,,29th Jan 99,,,GB
129,Chou Majin Eiyuuden Wataru: Mazekko Monster 2,Chou Majin Eiyuuden Wataru: Mazekko Monster 2,,Banpresto,,,,,07th Aug 98,,,GB
130,Nakayoshi Cooking Series 1: Oishii Cake Okusan,Nakayoshi Cooking Series 1: Oishii Cake Okusan,,MTO,,,,,15th Dec 00,,,GB
131,Xerd no Densetsu 2: Xerd!! Gishin no Ryouiki,Xerd no Densetsu 2: Xerd!! Gishin no Ryouiki,,Victory Lap Games,,,,,19th Feb 93,,,GB
132,Cool Ball,Cool Ball,,Takara,,,,,01st Aug 94,,,GB
133,Hook,Hook,,Sony Imagesoft,,,,,01st Jan 92,,,GB
134,M & M's Mini Madness,M & M's Mini Madness,,Majesco,,,,,08th Dec 00,,,GB
135,World Destruction League: Thunder Tanks,World Destruction League: Thunder Tanks,,3DO,,,,,12th Dec 00,,,GB
136,Daiku no Gensan: Robot Teikoku no Yabou,Daiku no Gensan: Robot Teikoku no Yabou,,Irem Software Engineering,,,,,25th Mar 94,,,GB
137,Iron Man / X-O Manowar in Heavy Metal,Iron Man / X-O Manowar in Heavy Metal,,Acclaim Entertainment,,,,,01st Aug 96,,,GB
138,Papyrus,Papyrus,,Ubisoft,,,,,01st Jan 00,,,GB
139,Cyborg Kuro-Chan 2: White Woods no Gyakushuu,Cyborg Kuro-Chan 2: White Woods no Gyakushuu,,Konami,,,,,19th Oct 00,,,GB
140,Dodge Boy,Dodge Boy,,Tonkin House,,,,,06th Dec 91,,,GB
141,Janshirou 2,Janshirou 2,,Sammy Corporation,,,,,18th Mar 94,,,GB
142,Dancing Furby,Dancing Furby,,Tomy Corporation,,,,,24th Dec 99,,,GB
143,Razor Freestyle Scooter,Razor Freestyle Scooter,,Crave Entertainment,,,,,10th May 01,,,GB
144,Chee-Chai Alien,Chee-Chai Alien,,Unknown,,,,,23rd Feb 01,,,GB
145,Dragon Ball Z: Goku Hishouden,Dragon Ball Z: Goku Hishouden,,Bandai,,,,,25th Nov 94,,,GB
146,Jungle Strike,Jungle Strike,,Malibu Games,,,,,01st Jun 95,,,GB
147,Wayne's World,Wayne's World,,THQ,,,,,01st Nov 93,,,GB
148,Perfect Dark,Perfect Dark,,Rare,,5.3,,,01st Aug 00,,,GB
149,Tech Deck Skateboarding,Tech Deck Skateboarding,,Activision,,,,,25th Mar 01,,,GB
150,X,X,,Nintendo,,,,,29th May 92,,,GB
151,Eitango Target 1900,Eitango Target 1900,,Imagineer,,,,,13th Dec 96,,,GB
152,Konami GB Collection Vol. 4,Konami GB Collection Vol. 4,,Konami,,,,,19th Mar 98,,,GB
153,Jaguar Mishin Sashi Senyou Soft: Mario Family,Jaguar Mishin Sashi Senyou Soft: Mario Family,,Jaguar,,,,,10th Sep 01,,,GB
154,007: The World is not Enough,007: The World is not Enough,,Electronic Arts,,,,,11th Sep 01,,,GB
155,Tom and Jerry: Mouse Hunt,Tom and Jerry: Mouse Hunt,,Conspiracy Entertainment,,,,,14th Mar 01,,,GB
156,Arcade Classic 4: Defender / Joust,Arcade Classic 4: Defender / Joust,,Nintendo,,,,,01st Oct 95,,,GB
157,Nettou Garou Densetsu 2,Nettou Garou Densetsu 2,,Takara,,,,,29th Jul 94,,,GB
158,Lock n' Chase,Lock n' Chase,,Sunsoft,,,,,02nd Jan 90,,,GB
159,ATV Racing,ATV Racing,,Datel,,,,,23rd Feb 01,,,GB
160,Oddworld Adventures 2,Oddworld Adventures 2,,GT Interactive,,,,,01st Jan 00,,,GB
161,Tsuriiko!!,Tsuriiko!!,,ASCII Entertainment,,,,,19th Jul 01,,,GB
162,Purikura Pocket: Fukanzen Joshikousei Manual,Purikura Pocket: Fukanzen Joshikousei Manual,,Atlus,,,,,17th Oct 97,,,GB
163,Toonsylvania,Toonsylvania,,Ubisoft,,,,,01st Jun 00,,,GB
164,The Flintstones: King Rock Treasure Island,The Flintstones: King Rock Treasure Island,,Taito,,,,,01st Feb 93,,,GB
165,Marmalade Boy,Marmalade Boy,,Bandai,,,,,27th Jan 95,,,GB
166,Alfred's Adventure,Alfred's Adventure,,SCi,,,,,01st Sep 00,,,GB
167,Mahoujin GuruGuru,Mahoujin GuruGuru,,Takuyo,,,,,28th Apr 95,,,GB
168,Scooby-Doo! Classic Creep Capers,Scooby-Doo! Classic Creep Capers,,THQ,,,,,20th Feb 01,,,GB
169,Pocket Racing,Pocket Racing,,Virgin Interactive,,,,,01st Jan 00,,,GB
170,Turok 2: Seeds of Evil,Turok 2: Seeds of Evil,,Acclaim Entertainment,,,,,31st Dec 98,,,GB
171,Gakken Rekishi 512,Gakken Rekishi 512,,Imagineer,,,,,29th May 98,,,GB
172,Mini-4 Boy,Mini-4 Boy,,J-Wing,,,,,27th Dec 96,,,GB
173,Zoids Densetsu,Zoids Densetsu,,Tomy Corporation,,,,,15th Jun 90,,,GB
174,Jeremy McGrath Supercross 2000,Jeremy McGrath Supercross 2000,,Acclaim Entertainment,,,,,01st Mar 00,,,GB
175,Shinseiki Evangelion Mahjong Hokan Keikaku,Shinseiki Evangelion Mahjong Hokan Keikaku,,King Records,,,,,29th Sep 00,,,GB
176,Disney's Aladdin (GBC),Disney's Aladdin (GBC),,Ubisoft,,,,,07th Nov 00,,,GB
177,Alien Olympics 2044 AD,Alien Olympics 2044 AD,,Ocean,,,,,01st Jan 92,,,GB
178,Genjin Collection,Genjin Collection,,Hudson Soft,,,,,22nd Nov 96,,,GB
179,Mr. Chin's Gourmet Paradise,Mr. Chin's Gourmet Paradise,,Romstar,,,,,02nd Jan 90,,,GB
180,From TV Animation One Piece: Maboroshi no Grand Line Boukenki!,From TV Animation One Piece: Maboroshi no Grand Line Boukenki!,,Banpresto,,,,,28th Jun 02,,,GB
181,Soukoban Densetsu: Hikari to Yamo no Kuni,Soukoban Densetsu: Hikari to Yamo no Kuni,,J-Wing,,,,,25th Dec 99,,,GB
182,Shikakei Atama o Kore Kusuru,Shikakei Atama o Kore Kusuru,,Imagineer,,,,,26th Jun 98,,,GB
183,Bonk's Adventure,Bonk's Adventure,,Hudson Soft,,,,,01st Dec 92,,,GB
184,Great Greed,Great Greed,,Namco,,,,,01st Jan 93,,,GB
185,Ninja Boy 2,Ninja Boy 2,,Culture Brain,,,,,01st Apr 93,,,GB
186,Mahou Kishi Rayearth,Mahou Kishi Rayearth,,Tomy Corporation,,,,,02nd Jun 95,,,GB
187,Super 1 Karting,Super 1 Karting,,Midas Interactive Entertainment,,,,,03rd Aug 01,,,GB
188,Pocket Color Mahjong,Pocket Color Mahjong,,Bottom Up,,,,,22nd Dec 99,,,GB
189,Batman: Return of the Joker,Batman: Return of the Joker,,Sunsoft,,,,,01st May 92,,,GB
190,Higashio Osamu Kanshuu Pro Yakyuu Stadium '91,Higashio Osamu Kanshuu Pro Yakyuu Stadium '91,,Tokuma Shoten,,,,,09th Aug 91,,,GB
191,Qui Qui,Qui Qui,,Mahou,,,,,26th Mar 99,,,GB
192,Disney's TaleSpin,Disney's TaleSpin,,Capcom,,,,,01st Dec 92,,,GB
193,WWF Raw (1994),WWF Raw (1994),,Accolade,,,,,01st Dec 94,06th Jan 18,,GB
194,Macross 7:Ginger no Heart o Furuwa Sero!!,Macross 7:Ginger no Heart o Furuwa Sero!!,,Epoch,,,,,17th Mar 00,,,GB
195,Tootuff,Tootuff,,Infogrames,,,,,15th Jun 01,,,GB
196,Battle City,Battle City,,Namco,,,,,09th Aug 91,,,GB
197,FIFA: Road to World Cup 98,FIFA: Road to World Cup 98,,THQ,,,,,01st Jan 97,,,GB
198,Lunar Lander,Lunar Lander,,Pack-In-Video,,,,,21st Sep 90,,,GB
199,Army Men: Air Combat,Army Men: Air Combat,,3DO,,,,,01st Nov 00,,,GB
200,Kotobattle: Tengai no Moribito,Kotobattle: Tengai no Moribito,,Alphastar,,,,,09th Mar 01,,,GB
201,Tweety's High-Flying Adventure,Tweety's High-Flying Adventure,,Kemco,,,,,01st Nov 00,,,GB
202,Shin SD Gundam Gaiden: Knight Gundam Monogatari,Shin SD Gundam Gaiden: Knight Gundam Monogatari,,Bandai,,,,,09th Sep 94,,,GB
203,Zool,Zool,,GameTek,,,,,01st Jan 93,,,GB
204,Frank Thomas Big Hurt Baseball,Frank Thomas Big Hurt Baseball,,Acclaim Entertainment,,,,,01st Jan 95,,,GB
205,Kikou Keisatsu Metal Jack,Kikou Keisatsu Metal Jack,,Takara,,,,,08th Jan 92,,,GB
206,Antz World Sportz,Antz World Sportz,,LSP Games,,,,,01st Jan 01,,,GB
207,Ms. Pac-Man: Special Color Edition,Ms. Pac-Man: Special Color Edition,,Namco,,,,,02nd Nov 99,,,GB
208,Senkai Ibunroku Juuntsutsumi Taisen,Senkai Ibunroku Juuntsutsumi Taisen,,Banpresto,,,,,24th Nov 00,,,GB
209,Asteroids (GBC),Asteroids (GBC),,Activision,,,,,01st Sep 99,,,GB
210,Small Soldiers,Small Soldiers,,THQ,,,,,01st Jan 98,,,GB
211,Gamera: The Guardian of the Universe,Gamera: The Guardian of the Universe,,Angel Studios,,,,,03rd Mar 95,,,GB
212,Monopoly,Monopoly,,Parker Bros.,,,,,01st Dec 91,,,GB
213,Zoboomafoo: Playtime in Zobooland,Zoboomafoo: Playtime in Zobooland,,Encore,,,,,01st Oct 01,,,GB
214,Mary-Kate and Ashley: Winner's Circle,Mary-Kate and Ashley: Winner's Circle,,Acclaim Entertainment,,,,,02nd Mar 01,,,GB
215,The Shutokou Racing,The Shutokou Racing,,Pony Canyon,,,,,18th Dec 98,,,GB
216,Kininkou Maroku Oni,Kininkou Maroku Oni,,Banpresto,,,,,08th Dec 90,,,GB
217,The Amazing Spider-Man 2,The Amazing Spider-Man 2,,LJN,,,,,01st Aug 92,,,GB
218,Ghostbusters II,Ghostbusters II,,Activision,,,,,01st Dec 90,,,GB
219,Roger Clemens' MVP Baseball,Roger Clemens' MVP Baseball,,LJN,,,,,01st Sep 92,,,GB
220,Kaijuu-On Godzilla,Kaijuu-On Godzilla,,Bandai,,,,,17th Dec 93,,,GB
221,Spacenet: Cosmo Red / Blue,Spacenet: Cosmo Red / Blue,,Imagineer,,,,,16th Mar 01,,,GB
222,Koukou Nyuushideru Jun: Rekishi Nendai Anki Point 240,Koukou Nyuushideru Jun: Rekishi Nendai Anki Point 240,,Imagineer,,,,,26th Sep 97,,,GB
223,Cyraid,Cyraid,,Nexoft,,,,,01st Mar 91,,,GB
224,Penguin Wars,Penguin Wars,,ASCII Entertainment,,,,,02nd Jul 90,,,GB
225,Front Row,Front Row,,KID,,,,,01st Oct 99,,,GB
226,720°,720°,,Midway Games,,,,,01st Mar 99,,,GB
227,Super Doll Rika-Chan: Kisekae Taisakusen,Super Doll Rika-Chan: Kisekae Taisakusen,,Unknown,,,,,06th Oct 00,,,GB
228,Sanrio Uranai Party,Sanrio Uranai Party,,Imagineer,,,,,05th Dec 97,,,GB
229,Battle of Kingdom,Battle of Kingdom,,Meldac,,,,,13th Dec 91,,,GB
230,Home Alone 2: Lost in New York,Home Alone 2: Lost in New York,,THQ,,,,,01st Oct 92,,,GB
231,NBA Jam Tournament Edition,NBA Jam Tournament Edition,,Acclaim Entertainment,,,,,01st Jun 95,,,GB
232,Metal Walker,Metal Walker,,Capcom,,,,,01st Feb 01,,,GB
233,The Powerpuff Girls: Paint the Townsville Green,The Powerpuff Girls: Paint the Townsville Green,,BAM! Entertainment,,,,,01st Nov 00,,,GB
234,Medarot 2: Parts Collection,Medarot 2: Parts Collection,,Imagineer,,,,,29th Oct 99,,,GB
235,Berlitz French Translator,Berlitz French Translator,,GameTek,,,,,01st Sep 91,,,GB
236,Pac-Man,Pac-Man,,Namco,,,,,01st Apr 91,,,GB
237,Kelly Club: Clubhouse Fun,Kelly Club: Clubhouse Fun,,Knowledge Adventure,,,,,31st Oct 01,,,GB
238,Titus the Fox (GBC),Titus the Fox (GBC),,Titus,,,,,01st Nov 00,,,GB
239,Bo Jackson's Hit and Run! Baseball and Football,Bo Jackson's Hit and Run! Baseball and Football,,THQ,,,,,01st Jun 91,,,GB
240,Pocket Bomberman (GBC),Pocket Bomberman (GBC),,Hudson Soft,,,,,10th Dec 98,,,GB
241,Looney Tunes: Carrot Crazy,Looney Tunes: Carrot Crazy,,Infogrames,,,,,01st Apr 99,,,GB
242,Record of Lodoss War: Eiyuu Kishiden GB,Record of Lodoss War: Eiyuu Kishiden GB,,Tomy Corporation,,,,,11th Dec 98,,,GB
243,R-Type,R-Type,,Irem Software Engineering,,,,,01st May 91,,,GB
244,Snoopy's Magic Show,Snoopy's Magic Show,,Kemco,,,,,01st Oct 90,,,GB
245,Hercules: The Legendary Journeys,Hercules: The Legendary Journeys,,Titus,,,,,01st Apr 02,,,GB
246,New Ghostbusters II,New Ghostbusters II,,Activision,,,,,01st Jan 90,,,GB
247,Rolan's Curse,Rolan's Curse,,Sammy Corporation,,,,,01st Jan 91,,,GB
248,Spot: The Cool Adventure,Spot: The Cool Adventure,,Virgin Interactive,,,,,06th Jan 93,,,GB
249,Initial D Gaiden,Initial D Gaiden,,Kodansha,,,,,06th Mar 98,,,GB
250,The Sword of Hope,The Sword of Hope,,Seika,,,,,01st Jun 91,,,GB
1,Pokémon Ruby / Sapphire Version,Pokémon Ruby / Sapphire Version,,Nintendo,,8.8,,16.22m,17th Mar 03,,,GBA
2,Pokémon FireRed / LeafGreen Version,Pokémon FireRed / LeafGreen Version,,Nintendo,,8.3,,12.00m,07th Sep 04,,,GBA
3,Pokémon Emerald Version,Pokémon Emerald Version,,Nintendo,,7.7,,7.06m,30th Apr 05,,,GBA
4,Mario Kart: Super Circuit,Mario Kart: Super Circuit,,Nintendo,,9.3,,5.91m,26th Aug 01,,,GBA
5,Super Mario World: Super Mario Advance 2,Super Mario World: Super Mario Advance 2,,Nintendo,,9.4,,5.69m,09th Feb 02,,,GBA
6,Super Mario Advance,Super Mario Advance,,Nintendo,,8.2,,5.57m,10th Jun 01,,,GBA
7,Super Mario Advance 4: Super Mario Bros. 3,Super Mario Advance 4: Super Mario Bros. 3,,Nintendo,,9.2,,5.43m,21st Oct 03,,,GBA
8,Namco Museum,Namco Museum,,Namco,,,,,10th Jun 01,,,GBA
9,Pac-Man Collection,Pac-Man Collection,,Namco,,,,,12th Jul 01,,,GBA
10,Yoshi's Island: Super Mario Advance 3,Yoshi's Island: Super Mario Advance 3,,Nintendo,,,,2.83m,24th Sep 02,,,GBA
11,Finding Nemo,Finding Nemo,,THQ,,7.0,,,10th May 03,,,GBA
12,The Legend of Zelda: A Link to the Past,The Legend of Zelda: A Link to the Past,,Nintendo,,9.6,,2.82m,03rd Dec 02,,,GBA
13,Frogger's Adventures: Temple of the Frog,Frogger's Adventures: Temple of the Frog,,Konami,,6.7,,,24th Oct 01,,,GBA
14,Pokémon Mystery Dungeon: Red Rescue Team,Pokémon Mystery Dungeon: Red Rescue Team,,Nintendo,,,,2.36m,18th Sep 06,,,GBA
15,Classic NES Series: Super Mario Bros.,Classic NES Series: Super Mario Bros.,,Nintendo,,8.3,,2.27m,02nd Jun 04,,,GBA
16,Sonic Advance,Sonic Advance,,Sega,,,,,04th Feb 02,,,GBA
17,Spyro: Season of Ice,Spyro: Season of Ice,,Vivendi Games,,,,,29th Oct 01,,,GBA
18,Wario Land 4,Wario Land 4,,Nintendo,,,,2.20m,18th Nov 01,,,GBA
19,Mario & Luigi: Superstar Saga,Mario & Luigi: Superstar Saga,,Nintendo,,8.8,,2.15m,17th Nov 03,,,GBA
20,Kirby: Nightmare in Dream Land,Kirby: Nightmare in Dream Land,,Nintendo,,8.1,,2.10m,02nd Dec 02,20th Apr 18,,GBA
21,The Incredibles,The Incredibles,,THQ,,5.4,,,31st Oct 04,,,GBA
22,Harry Potter and the Chamber of Secrets,Harry Potter and the Chamber of Secrets,,Electronic Arts,,7.2,,,14th Nov 02,,,GBA
23,2 Games in 1: Sonic Advance & ChuChu Rocket!,2 Games in 1: Sonic Advance & ChuChu Rocket!,,THQ,,,,,11th Nov 05,,,GBA
24,Donkey Kong Country,Donkey Kong Country,,Nintendo,,7.5,,1.82m,09th Jun 03,,,GBA
25,Sonic Advance 2,Sonic Advance 2,,Sega,,,,,09th Mar 03,,,GBA
26,The Legend of Zelda: The Minish Cap,The Legend of Zelda: The Minish Cap,,Nintendo,,8.9,,1.76m,10th Jan 05,,,GBA
27,2 Games in 1 Double Pack: The Incredibles / Finding Nemo: The Continuing Adventures,2 Games in 1 Double Pack: The Incredibles / Finding Nemo: The Continuing Adventures,,THQ,,,,,27th Feb 07,,,GBA
28,2 Games in 1: Disney Princess & The Lion King,2 Games in 1: Disney Princess & The Lion King,,THQ,,,,,01st Dec 04,,,GBA
29,Crash Bandicoot: The Huge Adventure,Crash Bandicoot: The Huge Adventure,,Vivendi Games,,8.3,,,25th Feb 02,,,GBA
30,Tetris Worlds,Tetris Worlds,,THQ,,,,,05th Sep 01,,,GBA
31,Final Fantasy Tactics Advance,Final Fantasy Tactics Advance,,Nintendo,,,,1.70m,08th Sep 03,,,GBA
32,Harry Potter and the Sorcerer's Stone,Harry Potter and the Sorcerer's Stone,,Electronic Arts,,6.6,,,15th Nov 01,,,GBA
33,Dragon Ball Z: The Legacy of Goku,Dragon Ball Z: The Legacy of Goku,,Infogrames,,6.5,,,14th May 02,,,GBA
34,"Monsters, Inc.","Monsters, Inc.",,THQ,,,,,25th Oct 01,,,GBA
35,Golden Sun,Golden Sun,,Nintendo,,9.1,,1.65m,11th Nov 01,,,GBA
36,Kingdom Hearts: Chain of Memories,Kingdom Hearts: Chain of Memories,,Square Enix,,7.4,,1.60m,07th Dec 04,,,GBA
37,Metroid Fusion,Metroid Fusion,,Nintendo,,9.0,,1.60m,17th Nov 02,,,GBA
38,Spyro 2: Season of Flame,Spyro 2: Season of Flame,,Vivendi Games,,,,,25th Sep 02,,,GBA
39,Disney Princess,Disney Princess,,THQ,,,,,04th Apr 03,,,GBA
40,Kirby & the Amazing Mirror,Kirby & the Amazing Mirror,,Nintendo,,7.9,,1.47m,18th Oct 04,,,GBA
41,The SpongeBob SquarePants Movie,The SpongeBob SquarePants Movie,,THQ,,,,,27th Oct 04,,,GBA
42,Yu-Gi-Oh! Worldwide Edition: Stairway to the Destined Duel,Yu-Gi-Oh! Worldwide Edition: Stairway to the Destined Duel,,Konami,,,,1.46m,08th Apr 03,,,GBA
43,Classic NES Series: Super Mario Bros.,Classic NES Series: Super Mario Bros.,,Nintendo,,,,,02nd Jun 04,,,GBA
44,Sonic Advance 3,Sonic Advance 3,,THQ,,,,,07th Jun 04,,,GBA
45,Mario vs. Donkey Kong,Mario vs. Donkey Kong,,Nintendo,,,,1.37m,24th May 04,,,GBA
46,Pokémon Pinball: Ruby & Sapphire (Old all region sales),Pokémon Pinball: Ruby & Sapphire (Old all region sales),,Nintendo,,,,1.37m,26th Aug 03,04th Sep 18,,GBA
47,Crash Bandicoot 2: N-Tranced,Crash Bandicoot 2: N-Tranced,,Vivendi Games,,7.5,,,07th Jan 03,,,GBA
48,Mega Man Battle Network 4: Red Sun / Blue Moon,Mega Man Battle Network 4: Red Sun / Blue Moon,,Capcom,,,,1.35m,29th Jun 04,,,GBA
49,Spider-Man: The Movie,Spider-Man: The Movie,,Activision,,7.9,,,16th Apr 02,,,GBA
50,The Sims: Bustin' Out,The Sims: Bustin' Out,,Electronic Arts,,,,,02nd Dec 03,,,GBA
51,Yu-Gi-Oh! The Sacred Cards,Yu-Gi-Oh! The Sacred Cards,,Konami,,,,,04th Nov 03,,,GBA
52,Mega Man Battle Network 3 Blue / White Version,Mega Man Battle Network 3 Blue / White Version,,Capcom,,,,,24th Jun 03,,,GBA
53,Pirates of the Caribbean: The Curse of the Black Pearl,Pirates of the Caribbean: The Curse of the Black Pearl,,TDK Mediactive,,,,,01st Jul 03,,,GBA
54,Spongebob Squarepants: Battle for Bikini Bottom,Spongebob Squarepants: Battle for Bikini Bottom,,THQ,,,,,31st Oct 03,,,GBA
55,Yu-Gi-Oh! The Eternal Duelist Soul,Yu-Gi-Oh! The Eternal Duelist Soul,,Konami,,,,1.23m,15th Oct 02,,,GBA
56,Donkey Kong Country 2,Donkey Kong Country 2,,Nintendo,,7.6,,,15th Nov 04,,,GBA
57,Shrek / Shrek 2 2-in-1 Gameboy Advance Video,Shrek / Shrek 2 2-in-1 Gameboy Advance Video,,Majesco,,,,,09th Oct 07,,,GBA
58,The Simpsons: Road Rage,The Simpsons: Road Rage,,THQ,,,,,30th Jun 03,,,GBA
59,SpongeBob SquarePants: Revenge of the Flying Dutchman,SpongeBob SquarePants: Revenge of the Flying Dutchman,,THQ,,,,,10th Sep 02,,,GBA
60,Final Fantasy Tactics Advance,Final Fantasy Tactics Advance,,Square Enix,,8.9,,1.18m,08th Sep 03,,,GBA
61,Tony Hawk's Pro Skater 2,Tony Hawk's Pro Skater 2,,Activision,,8.9,,,30th May 01,,,GBA
62,Yu-Gi-Oh! The Sacred Cards (American and Others sales),Yu-Gi-Oh! The Sacred Cards (American and Others sales),,Konami,,,,,04th Nov 03,,,GBA
63,LEGO Star Wars: The Video Game,LEGO Star Wars: The Video Game,,Eidos Interactive,,7.4,,,29th Mar 05,,,GBA
64,Cars,Cars,,THQ,,4.5,,,06th Jun 06,,,GBA
65,Pokémon Mystery Dungeon: Red Rescue Team (US weekly sales),Pokémon Mystery Dungeon: Red Rescue Team (US weekly sales),,Nintendo,,,,,18th Sep 06,,,GBA
66,Golden Sun: The Lost Age,Golden Sun: The Lost Age,,Nintendo,,8.3,,1.12m,14th Apr 03,,,GBA
67,"WarioWare, Inc.: Mega MicroGame$","WarioWare, Inc.: Mega MicroGame$",,Nintendo,,,,1.10m,21st May 03,,,GBA
68,Dragon Ball Z: The Legacy of Goku II,Dragon Ball Z: The Legacy of Goku II,,Atari,,7.6,,,17th Jun 03,,,GBA
69,Dragon Ball Z: Taiketsu,Dragon Ball Z: Taiketsu,,Atari,,3.8,,,24th Nov 03,,,GBA
70,Disney's Lilo & Stitch,Disney's Lilo & Stitch,,Disney Interactive Studios,,8.0,,,07th Jun 02,,,GBA
71,Spider-Man 2,Spider-Man 2,,Activision,,7.0,,,29th Jun 04,,,GBA
72,F-Zero: Maximum Velocity,F-Zero: Maximum Velocity,,Nintendo,,8.7,,1.05m,12th Jun 01,,,GBA
73,Mario Party Advance,Mario Party Advance,,Nintendo,,,,,28th Mar 05,,,GBA
74,Fire Emblem: The Blazing Blade,Fire Emblem: The Blazing Blade,,Nintendo,,8.8,,,03rd Nov 03,23rd Jul 21,,GBA
75,Final Fantasy I & II: Dawn of Souls,Final Fantasy I & II: Dawn of Souls,,Nintendo,,7.1,,0.94m,29th Nov 04,,,GBA
76,Monster Trucks / Quad Desert Fury Double Value!,Monster Trucks / Quad Desert Fury Double Value!,,Majesco,,,,,25th Apr 05,,,GBA
77,2 Games in 1 Double Pack: Finding Nemo / Monsters Inc.,2 Games in 1 Double Pack: Finding Nemo / Monsters Inc.,,THQ,,,,,08th Jun 05,,,GBA
78,Teenage Mutant Ninja Turtles,Teenage Mutant Ninja Turtles,,Konami,,,,,31st Oct 03,,,GBA
79,Madagascar,Madagascar,,Activision,,5.5,,,23rd May 05,,,GBA
80,Classic NES Series: The Legend of Zelda,Classic NES Series: The Legend of Zelda,,Nintendo,,,,,02nd Jun 04,,,GBA
81,Fire Emblem: The Sacred Stones,Fire Emblem: The Sacred Stones,,Nintendo,,8.4,,,23rd May 05,,,GBA
82,Metroid: Zero Mission,Metroid: Zero Mission,,Nintendo,,8.9,,,09th Feb 04,,,GBA
83,Lizzie McGuire 2: Lizzie Diaries,Lizzie McGuire 2: Lizzie Diaries,,Disney Interactive Studios,,,,,18th Oct 04,,,GBA
84,Secret Agent Barbie: Royal Jewels Mission,Secret Agent Barbie: Royal Jewels Mission,,VU Games,,,,,08th Oct 02,,,GBA
85,Rayman Advance,Rayman Advance,,Ubisoft,,8.4,,0.77m,10th Jun 01,,,GBA
86,Star Wars Episode II: Attack of the Clones,Star Wars Episode II: Attack of the Clones,,THQ,,,,,30th May 02,,,GBA
87,Donkey Kong Country 3,Donkey Kong Country 3,,Nintendo,,7.5,,,07th Nov 05,,,GBA
88,Mega Man Battle Network 6: Cybeast Falzar / Gregar,Mega Man Battle Network 6: Cybeast Falzar / Gregar,,Capcom,,,,,13th Jun 06,,,GBA
89,That's So Raven,That's So Raven,,Buena Vista,,,,,12th Oct 04,,,GBA
90,Yu-Gi-Oh! Dungeon Dice Monsters,Yu-Gi-Oh! Dungeon Dice Monsters,,Konami,,,,,12th Feb 03,,,GBA
91,The Lord of the Rings: The Two Towers,The Lord of the Rings: The Two Towers,,Electronic Arts,,,,,11th Nov 02,,,GBA
92,WarioWare: Twisted!,WarioWare: Twisted!,,Nintendo,,,,,23rd May 05,,,GBA
93,Classic NES Series: Donkey Kong,Classic NES Series: Donkey Kong,,Nintendo,,,,,02nd Jun 04,,,GBA
94,Beyblade VForce: Ultimate Blader Jam,Beyblade VForce: Ultimate Blader Jam,,Atari,,,,,18th Nov 03,,,GBA
95,Star Wars Episode III: Revenge of the Sith,Star Wars Episode III: Revenge of the Sith,,Ubisoft,,,,,04th May 05,,,GBA
96,Super Monkey Ball Jr.,Super Monkey Ball Jr.,,THQ,,,,,19th Nov 02,,,GBA
97,Scooby-Doo 2: Monsters Unleashed,Scooby-Doo 2: Monsters Unleashed,,THQ,,,,,16th Mar 04,,,GBA
98,F-14 Tomcat,F-14 Tomcat,,Majesco,,6.9,,,02nd Sep 01,,,GBA
99,Advance Wars,Advance Wars,,Nintendo,,9.4,,,09th Sep 01,,,GBA
100,Classic NES Series: Zelda II: The Adventure of Link,Classic NES Series: Zelda II: The Adventure of Link,,Nintendo,,6.6,,,25th Oct 04,,,GBA
101,Disney's Chicken Little,Disney's Chicken Little,,Buena Vista,,7.9,,,20th Oct 05,,,GBA
102,Mario Pinball Land,Mario Pinball Land,,Nintendo,,,,,04th Oct 04,,,GBA
103,Shark Tale,Shark Tale,,Activision,,,,,27th Sep 04,,,GBA
104,"The Chronicles of Narnia: The Lion, The Witch and The Wardrobe","The Chronicles of Narnia: The Lion, The Witch and The Wardrobe",,Buena Vista,,6.8,,,14th Nov 05,,,GBA
105,Dragon Quest Monsters: Caravan Heart,Dragon Quest Monsters: Caravan Heart,,Unknown,,,,,31st Dec 20,,,GBA
106,Strawberry Shortcake: Summertime Adventure,Strawberry Shortcake: Summertime Adventure,,Majesco,,,,,16th Nov 04,,,GBA
107,Shrek: Hassle at the Castle,Shrek: Hassle at the Castle,,TDK Mediactive,,,,,10th Oct 02,,,GBA
108,Disney's Kim Possible 2: Drakken's Demise,Disney's Kim Possible 2: Drakken's Demise,,Disney Interactive Studios,,8.3,,,15th Sep 04,,,GBA
109,Yoshi Topsy-Turvy,Yoshi Topsy-Turvy,,Nintendo,,,,,13th Jun 05,,,GBA
110,Cartoon Network Block Party / Cartoon Network Speedway Double Pack,Cartoon Network Block Party / Cartoon Network Speedway Double Pack,,Majesco,,,,,25th Apr 05,,,GBA
111,Advance Wars 2: Black Hole Rising,Advance Wars 2: Black Hole Rising,,Nintendo,,8.8,,,24th Jun 03,,,GBA
112,Crash Bandicoot Purple: Ripto's Rampage,Crash Bandicoot Purple: Ripto's Rampage,,Vivendi Games,,6.7,,,03rd Jun 04,,,GBA
113,Nicktoons Collection: Game Boy Advance Video Volume 1,Nicktoons Collection: Game Boy Advance Video Volume 1,,Majesco,,,,,22nd Jun 04,,,GBA
114,SpongeBob SquarePants: Game Boy Advance Video Volume 1,SpongeBob SquarePants: Game Boy Advance Video Volume 1,,Majesco,,,,,14th May 04,,,GBA
115,Konami Collector's Series: Arcade Advanced,Konami Collector's Series: Arcade Advanced,,Konami,,8.0,,,21st Mar 02,,,GBA
116,Dogz,Dogz,,Ubisoft,,4.1,,,17th Nov 05,,,GBA
117,The Urbz: Sims in the City,The Urbz: Sims in the City,,Electronic Arts,,,,,09th Nov 04,,,GBA
118,2 Games in 1: Sonic Battle & ChuChu Rocket!,2 Games in 1: Sonic Battle & ChuChu Rocket!,,THQ,,,,,16th Nov 05,,,GBA
119,Dora the Explorer: Super Spies,Dora the Explorer: Super Spies,,Gotham Games,,,,,25th Oct 04,,,GBA
120,Texas Hold 'Em Poker,Texas Hold 'Em Poker,,Majesco,,,,,01st Nov 04,,,GBA
121,Final Fantasy IV Advance,Final Fantasy IV Advance,,Square Enix,,8.6,,,12th Dec 05,,,GBA
122,Madden NFL 2003,Madden NFL 2003,,EA Sports,,,,,12th Aug 02,,,GBA
123,Harry Potter and the Goblet of Fire,Harry Potter and the Goblet of Fire,,Electronic Arts,,6.0,,,08th Nov 05,,,GBA
124,Dragon Ball Z: Buu's Fury,Dragon Ball Z: Buu's Fury,,Atari,,5.9,,,14th Sep 04,,,GBA
125,Spider-Man: Mysterio's Menace,Spider-Man: Mysterio's Menace,,Activision,,,,,19th Sep 01,,,GBA
126,Game & Watch Gallery 4,Game & Watch Gallery 4,,Nintendo,,6.4,,,28th Oct 02,,,GBA
127,Tony Hawk's Underground,Tony Hawk's Underground,,Activision,,,,,27th Oct 03,,,GBA
128,Monster Trucks,Monster Trucks,,Majesco,,,,,16th Nov 04,,,GBA
129,Harvest Moon: Friends of Mineral Town,Harvest Moon: Friends of Mineral Town,,Natsume,,7.6,,,17th Nov 03,,,GBA
130,Shrek 2: Beg for Mercy,Shrek 2: Beg for Mercy,,Activision,,,,,27th Oct 04,,,GBA
131,Tony Hawk's Pro Skater 4,Tony Hawk's Pro Skater 4,,Activision,,,,,28th Oct 02,,,GBA
132,Spyro Orange: The Cortex Conspiracy,Spyro Orange: The Cortex Conspiracy,,Vivendi Games,,,,,03rd Jun 04,,,GBA
133,The Incredible Hulk,The Incredible Hulk,,Universal Interactive,,6.0,,,27th May 03,,,GBA
134,Ms. Pac-Man Maze Madness,Ms. Pac-Man Maze Madness,,"Destination Software, Inc",,,,,03rd Nov 04,,,GBA
135,The Lord of the Rings: The Return of the King,The Lord of the Rings: The Return of the King,,Electronic Arts,,7.4,,,05th Nov 03,,,GBA
136,Classic NES Series: Dr. Mario,Classic NES Series: Dr. Mario,,Nintendo,,,,,25th Oct 04,,,GBA
137,Yu-Gi-Oh! World Championship Tournament 2004,Yu-Gi-Oh! World Championship Tournament 2004,,Konami,,,,,10th Feb 04,,,GBA
138,Backyard NFL Football,Backyard NFL Football,,Infogrames,,,,,25th Sep 02,,,GBA
139,Barbie Groovy Games,Barbie Groovy Games,,Universal Interactive,,3.0,,,04th Sep 02,,,GBA
140,Yu-Gi-Oh! Reshef of Destruction,Yu-Gi-Oh! Reshef of Destruction,,Konami,,,,,29th Jun 04,,,GBA
141,Mega Man Zero,Mega Man Zero,,Capcom,,,,,09th Sep 02,,,GBA
142,SpongeBob SquarePants: SuperSponge,SpongeBob SquarePants: SuperSponge,,THQ,,,,,05th Nov 01,,,GBA
143,Tak and the Power of Juju,Tak and the Power of Juju,,THQ,,,,,15th Oct 03,,,GBA
144,The Fairly Odd Parents: Breakin' Da Rules,The Fairly Odd Parents: Breakin' Da Rules,,THQ,,,,,03rd Nov 03,,,GBA
145,Mega Man Battle Network 2,Mega Man Battle Network 2,,Capcom,,,,,17th Jun 02,,,GBA
146,Bratz: Rock Angelz,Bratz: Rock Angelz,,THQ,,,,,01st Jan 05,,,GBA
147,SpongeBob SquarePants: Game Boy Advance Video Volume 2,SpongeBob SquarePants: Game Boy Advance Video Volume 2,,Majesco,,,,,14th May 04,,,GBA
148,Mario Tennis: Power Tour,Mario Tennis: Power Tour,,Nintendo,,,,,05th Dec 05,,,GBA
149,That's So Raven 2: Supernatural Style,That's So Raven 2: Supernatural Style,,Buena Vista,,,,,21st Aug 05,,,GBA
150,Tony Hawk's Pro Skater 3,Tony Hawk's Pro Skater 3,,Activision,,,,,04th Mar 02,,,GBA
151,Harry Potter and the Prisoner of Azkaban,Harry Potter and the Prisoner of Azkaban,,Electronic Arts,,7.0,,,25th May 04,,,GBA
152,"SpongeBob SquarePants: Lights, Camera, Pants!","SpongeBob SquarePants: Lights, Camera, Pants!",,THQ,,,,,21st Oct 05,,,GBA
153,Disney's Kim Possible: Revenge of Monkey Fist,Disney's Kim Possible: Revenge of Monkey Fist,,Disney Interactive Studios,,5.0,,,13th Nov 02,,,GBA
154,Dragon Ball Z: Supersonic Warriors,Dragon Ball Z: Supersonic Warriors,,Atari,,7.1,,,22nd Jun 04,,,GBA
155,The Adventures of Jimmy Neutron Boy Genius: Attack of the Twonkies,The Adventures of Jimmy Neutron Boy Genius: Attack of the Twonkies,,THQ,,,,,13th Sep 04,,,GBA
156,Castlevania: Circle of the Moon,Castlevania: Circle of the Moon,,Konami,,8.9,,0.50m,10th Jun 01,,,GBA
157,Tactics Ogre: The Knight of Lodis,Tactics Ogre: The Knight of Lodis,,Atlus,,8.5,,,11th May 02,,,GBA
158,Tony Hawk's Underground 2,Tony Hawk's Underground 2,,Activision,,,,,04th Oct 04,,,GBA
159,Power Rangers: Dino Thunder,Power Rangers: Dino Thunder,,THQ,,,,,22nd Sep 04,,,GBA
160,Madagascar: Operation Penguin,Madagascar: Operation Penguin,,Activision,,,,,07th Nov 05,,,GBA
161,Need for Speed: Porsche Unleashed,Need for Speed: Porsche Unleashed,,"Destination Software, Inc",,,,,15th Mar 04,,,GBA
162,Kouchuu Ouja Mushi King,Kouchuu Ouja Mushi King,,Sega,,,,0.48m,23rd Jun 05,,,GBA
163,Midnight Club: Street Racing,Midnight Club: Street Racing,,"Destination Software, Inc",,,,,14th Nov 01,,,GBA
164,Densetsu no Stafi,Densetsu no Stafi,,Nintendo,,,,,06th Sep 02,,,GBA
165,Pirates of the Caribbean: Dead Man's Chest,Pirates of the Caribbean: Dead Man's Chest,,Buena Vista,,,,,27th Jun 06,,,GBA
166,Kong: The 8th Wonder of the World,Kong: The 8th Wonder of the World,,Ubisoft,,,,,21st Nov 05,,,GBA
167,Iridion 3D,Iridion 3D,,Majesco,,5.6,,,29th May 01,,,GBA
168,Classic NES Series: Pac-Man,Classic NES Series: Pac-Man,,Nintendo,,5.7,,,02nd Jun 04,,,GBA
169,Dragon Ball Z: Collectible Card Game,Dragon Ball Z: Collectible Card Game,,Infogrames,,6.0,,,29th May 02,,,GBA
170,Disney's Kim Possible 3: Team Possible,Disney's Kim Possible 3: Team Possible,,Disney Interactive Studios,,9.0,,,21st Aug 05,,,GBA
171,Stuart Little 2,Stuart Little 2,,Activision,,,,,12th Jul 02,,,GBA
172,Tak 2: The Staff of Dreams,Tak 2: The Staff of Dreams,,THQ,,,,,11th Oct 04,,,GBA
173,Scooby-Doo,Scooby-Doo,,THQ,,,,,15th Nov 01,,,GBA
174,Rugrats: Castle Capers,Rugrats: Castle Capers,,THQ,,,,,24th Sep 01,,,GBA
175,Crash Nitro Kart,Crash Nitro Kart,,Vivendi Games,,7.7,,,11th Nov 03,,,GBA
176,Mother 1+2,Mother 1+2,,Nintendo,,,,,20th Jun 03,,,GBA
177,2 Games in 1: SpongeBob SquarePants: SuperSponge & Rugrats Go Wild,2 Games in 1: SpongeBob SquarePants: SuperSponge & Rugrats Go Wild,,THQ,,,,,04th Mar 05,,,GBA
178,Yu-Gi-Oh! Destiny Board Traveler,Yu-Gi-Oh! Destiny Board Traveler,,Konami,,,,,26th Oct 04,,,GBA
179,Pokémon Pinball: Ruby & Sapphire (JP weekly sales),Pokémon Pinball: Ruby & Sapphire (JP weekly sales),,Nintendo,,,,,26th Aug 03,,,GBA
180,Tekken Advance,Tekken Advance,,Namco,,8.3,,,28th Jan 02,,,GBA
181,Hot Wheels: Stunt Track Challenge,Hot Wheels: Stunt Track Challenge,,THQ,,5.3,,,10th Nov 04,,,GBA
182,Mario Golf: Advance Tour,Mario Golf: Advance Tour,,Nintendo,,,,,22nd Jun 04,,,GBA
183,Densetsu no Stafi 2,Densetsu no Stafi 2,,Nintendo,,,,,05th Sep 03,,,GBA
184,Scooby-Doo! Mystery Mayhem,Scooby-Doo! Mystery Mayhem,,THQ,,,,,10th Sep 03,,,GBA
185,Battlebots: Design & Destroy,Battlebots: Design & Destroy,,Majesco,,4.0,,,31st Aug 03,,,GBA
186,Power Rangers: S.P.D.,Power Rangers: S.P.D.,,THQ,,,,,08th Sep 05,,,GBA
187,Classic NES Series: Metroid,Classic NES Series: Metroid,,Nintendo,,,,,25th Oct 04,,,GBA
188,Need for Speed Underground 2,Need for Speed Underground 2,,Electronic Arts,,6.5,,,15th Nov 04,,,GBA
189,Nicktoons Unite!,Nicktoons Unite!,,THQ,,,,,27th Oct 05,,,GBA
190,The Powerpuff Girls: Him and Seek,The Powerpuff Girls: Him and Seek,,BAM! Entertainment,,,,,29th Oct 02,,,GBA
191,Mega Man Zero 2,Mega Man Zero 2,,Capcom,,,,,14th Oct 03,,,GBA
192,The Fairly Odd Parents: Game Boy Advance Video Volume 1,The Fairly Odd Parents: Game Boy Advance Video Volume 1,,Majesco,,,,,14th May 04,,,GBA
193,Backyard Baseball,Backyard Baseball,,Atari,,,,,30th May 02,,,GBA
194,Mega Man Battle Network,Mega Man Battle Network,,Capcom,,,,,30th Oct 01,,,GBA
195,Famicom Mini: Super Mario Bros. 2,Famicom Mini: Super Mario Bros. 2,,Nintendo,,,,,10th Aug 04,,,GBA
196,Yu-Gi-Oh! 7 Trials to Glory: World Championship Tournament 2005,Yu-Gi-Oh! 7 Trials to Glory: World Championship Tournament 2005,,Konami,,,,,15th Feb 05,,,GBA
197,Star Wars Trilogy: Apprentice of the Force,Star Wars Trilogy: Apprentice of the Force,,Ubisoft,,,,,21st Sep 04,,,GBA
198,Lemony Snicket's A Series of Unfortunate Events,Lemony Snicket's A Series of Unfortunate Events,,Activision,,,,,10th Nov 04,,,GBA
199,The Fairly Odd Parents: Game Boy Advance Video Volume 2,The Fairly Odd Parents: Game Boy Advance Video Volume 2,,Majesco,,,,,14th May 04,,,GBA
200,Jimmy Neutron: Boy Genius,Jimmy Neutron: Boy Genius,,THQ,,,,,09th Nov 01,,,GBA
201,Dexter's Laboratory Deesaster Strikes,Dexter's Laboratory Deesaster Strikes,,BAM! Entertainment,,6.5,,,26th Sep 01,,,GBA
202,Scooby-Doo and the Cyber Chase,Scooby-Doo and the Cyber Chase,,THQ,,,,,31st Dec 01,,,GBA
203,Yu-Gi-Oh! The Eternal Duelist Soul (JP sales),Yu-Gi-Oh! The Eternal Duelist Soul (JP sales),,Konami,,,,,05th Jul 01,,,GBA
204,The Incredibles: Rise of the Underminer,The Incredibles: Rise of the Underminer,,THQ,,,,,01st Nov 05,,,GBA
205,Rocket Power: Dream Scheme,Rocket Power: Dream Scheme,,THQ,,,,,03rd Nov 01,,,GBA
206,Mother 3,Mother 3,,Nintendo,,,,,20th Apr 06,,,GBA
207,Nicktoons: Freeze Frame Frenzy,Nicktoons: Freeze Frame Frenzy,,THQ,,,,,27th Sep 04,,,GBA
208,Disney's Brother Bear,Disney's Brother Bear,,THQ,,,,,04th Nov 03,,,GBA
209,Fire Emblem: Fuuin no Tsurugi,Fire Emblem: Fuuin no Tsurugi,,Nintendo,,,7.0,,29th Mar 02,,,GBA
210,Madden NFL 2005,Madden NFL 2005,,EA Sports,,,,,09th Aug 04,,,GBA
211,The Sims 2,The Sims 2,,Electronic Arts,,,,,24th Oct 05,,,GBA
212,Harry Potter: Quidditch World Cup,Harry Potter: Quidditch World Cup,,Electronic Arts,,4.9,,,28th Oct 03,,,GBA
213,The Cat in the Hat,The Cat in the Hat,,Jack of All Games,,,,,26th Apr 05,,,GBA
214,Ice Age,Ice Age,,Ubisoft,,4.2,,,18th Mar 02,,,GBA
215,Disney's Lilo & Stitch 2: Hamsterveil Havoc,Disney's Lilo & Stitch 2: Hamsterveil Havoc,,Buena Vista,,,,,12th Oct 04,,,GBA
216,Barbie Horse Adventures: Blue Ribbon Race,Barbie Horse Adventures: Blue Ribbon Race,,Knowledge Adventure,,,,,17th Sep 03,,,GBA
217,Slime MoriMori Dragon Quest: Shougeki No Shippo Dan,Slime MoriMori Dragon Quest: Shougeki No Shippo Dan,,Square Enix,,,,,14th Nov 03,,,GBA
218,Hamtaro: Ham-Ham Heartbreak,Hamtaro: Ham-Ham Heartbreak,,Nintendo,,8.0,,,08th Apr 03,,,GBA
219,Cubix Robots for Everyone: Clash 'n' Bash,Cubix Robots for Everyone: Clash 'n' Bash,,10TACLE Studios,,,,,24th Jun 02,,,GBA
220,Shaun Palmer's Pro Snowboarder,Shaun Palmer's Pro Snowboarder,,Activision,,,,,27th Nov 01,,,GBA
221,Hamster Club 3,Hamster Club 3,,Jorudan,,,,,29th Mar 02,,,GBA
222,Super Robot Taisen A,Super Robot Taisen A,,Banpresto,,,,,21st Sep 01,,,GBA
223,Backyard Baseball 2006,Backyard Baseball 2006,,Atari,,,,,16th Mar 05,,,GBA
224,Disney's Tarzan: Return to the Jungle,Disney's Tarzan: Return to the Jungle,,Activision,,6.9,,,14th Sep 02,,,GBA
225,Star Wars: Flight of the Falcon,Star Wars: Flight of the Falcon,,THQ,,,,,18th Nov 03,,,GBA
226,The Adventures of Jimmy Neutron Boy Genius: Jet Fusion,The Adventures of Jimmy Neutron Boy Genius: Jet Fusion,,THQ,,5.5,,,24th Sep 03,,,GBA
227,Risk / Battleship / Clue,Risk / Battleship / Clue,,DSI Games,,,,,21st Aug 05,,,GBA
228,The Wild Thornberrys Movie,The Wild Thornberrys Movie,,THQ,,,,,13th Nov 02,,,GBA
229,Classic NES Series: Ice Climber,Classic NES Series: Ice Climber,,Nintendo,,,,,02nd Jun 04,,,GBA
230,Driver 2 Advance,Driver 2 Advance,,Atari,,6.8,,,22nd Oct 02,,,GBA
231,The Fairly Odd Parents: Shadow Showdown,The Fairly Odd Parents: Shadow Showdown,,THQ,,,,,20th Sep 04,,,GBA
232,Herbie: Fully Loaded,Herbie: Fully Loaded,,Buena Vista,,5.0,,,12th Jul 05,,,GBA
233,Banjo-Kazooie: Grunty's Revenge,Banjo-Kazooie: Grunty's Revenge,,THQ,,6.6,,,10th Sep 03,,,GBA
234,Shrek SuperSlam,Shrek SuperSlam,,Activision,,,,,25th Oct 05,,,GBA
235,Classic NES Series: Castlevania,Classic NES Series: Castlevania,,Nintendo,,7.4,,,25th Oct 04,,,GBA
236,GT Advance Championship Racing,GT Advance Championship Racing,,THQ,,7.5,,,08th Jun 01,,,GBA
237,Spy Kids 3-D: Game Over,Spy Kids 3-D: Game Over,,Disney Interactive Studios,,,,,30th Jun 03,,,GBA
238,Power Rangers: Ninja Storm,Power Rangers: Ninja Storm,,THQ,,,,,05th Sep 03,,,GBA
239,Dr. Mario / Puzzle League,Dr. Mario / Puzzle League,,Nintendo,,7.5,,,28th Nov 05,,,GBA
240,Teenage Mutant Ninja Turtles 2: Battle Nexus,Teenage Mutant Ninja Turtles 2: Battle Nexus,,Konami,,,,,19th Oct 04,,,GBA
241,Fortress,Fortress,,Majesco,,6.6,,,13th Aug 01,,,GBA
242,Cartoon Network Collection: Game Boy Advance Video Platinum Edition,Cartoon Network Collection: Game Boy Advance Video Platinum Edition,,Majesco,,,,,15th Apr 05,,,GBA
243,SpongeBob SquarePants: Double Pack,SpongeBob SquarePants: Double Pack,,THQ,,,,,08th Mar 05,,,GBA
244,"Ed, Edd n Eddy: Jawbreakers!","Ed, Edd n Eddy: Jawbreakers!",,BAM! Entertainment,,5.0,,,15th Sep 02,,,GBA
245,Sega Smash Pack,Sega Smash Pack,,THQ,,,,,23rd Sep 02,,,GBA
246,Madden NFL 2002,Madden NFL 2002,,EA Sports,,,,,20th Nov 01,,,GBA
247,Tales of Phantasia,Tales of Phantasia,,Nintendo,,7.0,,0.31m,06th Mar 06,,,GBA
248,Madden NFL 2004,Madden NFL 2004,,EA Sports,,,,,12th Aug 03,,,GBA
249,2 Games in 1: Disney's Brother Bear / The Lion King 1 1/2,2 Games in 1: Disney's Brother Bear / The Lion King 1 1/2,,THQ,,,,,18th Jan 05,,,GBA
250,Mega Man Battle Network 2,Mega Man Battle Network 2,,Ubisoft,,,,,18th Oct 02,,,GBA
1,New Super Mario Bros.,New Super Mario Bros.,,Nintendo,,9.1,8.1,30.80m,15th May 06,,,DS
2,Nintendogs,Nintendogs,,Nintendo,,8.4,,23.96m,23rd Aug 05,,,DS
3,Mario Kart DS,Mario Kart DS,,Nintendo,,9.1,9.4,23.60m,14th Nov 05,,,DS
4,Brain Age: Train Your Brain in Minutes a Day,Brain Age: Train Your Brain in Minutes a Day,,Nintendo,,8.1,,19.01m,17th Apr 06,,,DS
5,Pokémon Diamond / Pearl Version,Pokémon Diamond / Pearl Version,,Nintendo,,8.6,,17.67m,28th Apr 07,,,DS
6,Pokémon Black / White Version,Pokémon Black / White Version Read the review,,Nintendo,8.9,8.6,9.0,15.64m,06th Mar 11,,,DS
7,Brain Age 2: More Training in Minutes a Day,Brain Age 2: More Training in Minutes a Day,,Nintendo,,8.0,,14.88m,20th Aug 07,,,DS
8,Pokémon Heart Gold / Soul Silver Version,Pokémon Heart Gold / Soul Silver Version Read the review,,Nintendo,8.5,8.6,,12.72m,14th Mar 10,,,DS
9,Animal Crossing: Wild World,Animal Crossing: Wild World,,Nintendo,,8.5,,11.75m,05th Dec 05,,,DS
10,Super Mario 64 DS,Super Mario 64 DS,,Nintendo,,8.6,,11.06m,20th Nov 04,,,DS
11,Mario Party DS,Mario Party DS,,Nintendo,,7.1,,9.31m,19th Nov 07,,,DS
12,Pokémon Black 2 and White 2,Pokémon Black 2 and White 2 Read the review,,Nintendo,8.9,8.0,8.3,8.52m,07th Oct 12,25th Feb 18,,DS
13,Pokémon Platinum Version,Pokémon Platinum Version,,Nintendo,,8.3,8.9,7.60m,22nd Mar 09,,,DS
14,Big Brain Academy,Big Brain Academy,,Nintendo,,7.7,,6.15m,05th Jun 06,,,DS
15,Cooking Mama,Cooking Mama,,Majesco,,6.6,,,12th Sep 06,,,DS
16,Dragon Quest IX: Sentinels of the Starry Skies,Dragon Quest IX: Sentinels of the Starry Skies Read the review,,Nintendo,7.7,8.6,,5.50m,11th Jul 10,,,DS
17,Mario & Sonic at the Olympic Games,Mario & Sonic at the Olympic Games,,Sega,,7.0,,,22nd Jan 08,,,DS
18,Pokémon Mystery Dungeon: Explorers of Time / Darkness,Pokémon Mystery Dungeon: Explorers of Time / Darkness,,Nintendo,,6.4,,4.88m,20th Apr 08,,,DS
19,LEGO Star Wars: The Complete Saga,LEGO Star Wars: The Complete Saga,,LucasArts,,7.8,,,06th Nov 07,,,DS
20,The Legend of Zelda: Phantom Hourglass,The Legend of Zelda: Phantom Hourglass Read the review,,Nintendo,9.2,9.1,,4.76m,02nd Oct 07,,,DS
21,Mario & Luigi: Bowser's Inside Story,Mario & Luigi: Bowser's Inside Story Read the review,,Nintendo,9.1,9.1,,4.56m,14th Sep 09,,,DS
22,Professor Layton and the Curious Village,Professor Layton and the Curious Village,,Nintendo,,8.7,,4.49m,10th Feb 08,,,DS
23,English Training: Have Fun Improving Your Skills!,English Training: Have Fun Improving Your Skills!,,Nintendo,,,,3.91m,27th Oct 06,,,DS
24,Professor Layton and the Diabolical Box,Professor Layton and the Diabolical Box Read the review,,Nintendo,9.0,8.5,,3.88m,24th Aug 09,,,DS
25,Tomodachi Collection,Tomodachi Collection,,Nintendo,,,,3.76m,18th Jun 09,,,DS
26,MySims,MySims,,Electronic Arts,,6.7,,,18th Sep 07,,,DS
27,Cooking Mama 2: Dinner With Friends,Cooking Mama 2: Dinner With Friends,,Majesco,,6.9,,,13th Nov 07,,,DS
28,Pokémon Mystery Dungeon: Blue Rescue Team,Pokémon Mystery Dungeon: Blue Rescue Team,,Nintendo,,6.3,,3.49m,18th Sep 06,,,DS
29,Mario & Sonic at the Olympic Winter Games,Mario & Sonic at the Olympic Winter Games,,Sega,,7.6,,,13th Oct 09,,,DS
30,Guitar Hero: On Tour,Guitar Hero: On Tour,,Activision,,7.1,8.1,,22nd Jun 08,,,DS
31,Yoshi's Island DS,Yoshi's Island DS,,Nintendo,,8.2,,3.36m,13th Nov 06,,,DS
32,Flash Focus: Vision Training in Minutes a Day,Flash Focus: Vision Training in Minutes a Day,,Nintendo,,6.1,,3.23m,15th Oct 07,,,DS
33,Personal Trainer: Cooking,Personal Trainer: Cooking,,Nintendo,,8.4,,3.18m,24th Nov 08,,,DS
34,Club Penguin: Elite Penguin Force,Club Penguin: Elite Penguin Force,,Disney Interactive Studios,,7.0,,,25th Nov 08,,,DS
35,LEGO Batman: The Videogame,LEGO Batman: The Videogame,,Warner Bros. Interactive,,7.8,,,23rd Sep 08,,,DS
36,Rhythm Heaven,Rhythm Heaven Read the review,,Nintendo,8.9,8.5,,3.04m,05th Apr 09,31st May 18,,DS
37,Professor Layton and the Unwound Future,Professor Layton and the Unwound Future Read the review,,Nintendo,9.0,8.4,,3.02m,12th Sep 10,,,DS
38,Sonic Rush,Sonic Rush,,Sega,,7.8,,3.00m,15th Nov 05,,,DS
39,Kirby Super Star Ultra,Kirby Super Star Ultra Read the review,,Nintendo,9.0,7.3,,2.99m,22nd Sep 08,,,DS
40,Style Savvy,Style Savvy,,Nintendo,,7.6,,2.98m,02nd Nov 09,,,DS
41,Mario vs. Donkey Kong: Mini-Land Mayhem!,Mario vs. Donkey Kong: Mini-Land Mayhem!,,Nintendo,,7.8,,2.98m,14th Nov 10,,,DS
42,The Legend of Zelda: Spirit Tracks,The Legend of Zelda: Spirit Tracks Read the review,,Nintendo,9.0,8.7,,2.96m,07th Dec 09,,,DS
43,Pokémon Ranger,Pokémon Ranger,,Nintendo,,6.6,,2.93m,30th Oct 06,,,DS
44,Imagine: Babyz,Imagine: Babyz,,Ubisoft,,3.5,,,23rd Oct 07,,,DS
45,Imagine: Fashion Designer,Imagine: Fashion Designer,,Ubisoft,,3.0,,,23rd Oct 07,17th Sep 18,,DS
46,Tetris DS,Tetris DS,,Nintendo,,8.5,,2.74m,20th Mar 06,,,DS
47,Hannah Montana,Hannah Montana,,Buena Vista,,6.5,,,10th Oct 06,,,DS
48,Clubhouse Games,Clubhouse Games,,Nintendo,,8.3,,2.57m,09th Oct 06,,,DS
49,WarioWare Touched!,WarioWare Touched!,,Nintendo,,7.8,,2.47m,14th Feb 05,,,DS
50,Pokémon Ranger: Shadows of Almia,Pokémon Ranger: Shadows of Almia,,Nintendo,,6.7,,2.35m,10th Nov 08,,,DS
51,Art Academy,Art Academy,,Nintendo,,6.8,,2.33m,25th Oct 10,,,DS
52,Final Fantasy III,Final Fantasy III,,Square Enix,,7.4,,2.30m,14th Nov 06,,,DS
53,LEGO Harry Potter: Years 1-4,LEGO Harry Potter: Years 1-4,,Warner Bros. Interactive,,8.0,,,29th Jun 10,01st Dec 18,,DS
54,Kirby Squeak Squad,Kirby Squeak Squad,,Nintendo,,7.3,,2.27m,06th Dec 06,,,DS
55,LEGO Indiana Jones: The Original Adventures,LEGO Indiana Jones: The Original Adventures,,LucasArts,,,,,03rd Jun 08,,,DS
56,High School Musical: Makin' the Cut!,High School Musical: Makin' the Cut!,,Disney Interactive Studios,,7.3,,,14th Aug 07,,,DS
57,Inazuma Eleven 3: Lightning Bolt / Bomb Blast / Team Ogre Attacks!,Inazuma Eleven 3: Lightning Bolt / Bomb Blast / Team Ogre Attacks!,,Level 5,,,,2.15m,01st Jul 10,26th Jan 19,,DS
58,The Sims 2: Pets,The Sims 2: Pets,,Electronic Arts,,4.8,,,31st Oct 06,,,DS
59,Professor Layton and the Last Specter,Professor Layton and the Last Specter Read the review,,Nintendo,8.8,8.4,,2.06m,17th Oct 11,,,DS
60,Toy Story 3: The Video Game,Toy Story 3: The Video Game,,Disney Interactive Studios,,,,,15th Jun 10,,,DS
61,Carnival Games,Carnival Games,,2K Play,,,,,08th Jul 08,,,DS
62,Mario Hoops 3 on 3,Mario Hoops 3 on 3,,Nintendo,,7.1,,2.03m,11th Sep 06,,,DS
63,Dragon Quest Monsters: Joker 2,Dragon Quest Monsters: Joker 2,,Nintendo,,8.1,,2.00m,19th Sep 11,,,DS
64,TouchMaster,TouchMaster,,Midway Games,,6.9,,,25th Jun 07,,,DS
65,Inazuma Eleven 2: Blizzard / Firestorm,Inazuma Eleven 2: Blizzard / Firestorm,,Level 5,,,,1.96m,09th Oct 09,31st Aug 18,,DS
66,Dragon Quest Monsters: Joker,Dragon Quest Monsters: Joker,,Square Enix,,7.6,,1.90m,06th Nov 07,,,DS
67,Sonic Classic Collection,Sonic Classic Collection,,Sega,,7.5,,,02nd Mar 10,,,DS
68,Phineas and Ferb,Phineas and Ferb,,Disney Interactive Studios,,,,,03rd Feb 09,,,DS
69,Namco Museum DS,Namco Museum DS,,Namco Bandai,,,,1.80m,18th Sep 07,,,DS
70,Mario & Luigi: Partners in Time,Mario & Luigi: Partners in Time,,Nintendo,,8.8,,1.73m,28th Nov 05,,,DS
71,Deal or No Deal,Deal or No Deal,,"Destination Software, Inc",,,,,23rd Jul 07,,,DS
72,Imagine: Teacher,Imagine: Teacher,,Ubisoft,,,,,12th Aug 08,,,DS
73,Kingdom Hearts 358/2 Days,Kingdom Hearts 358/2 Days Read the review,,Square Enix,8.5,7.5,,1.70m,29th Sep 09,,,DS
74,Super Princess Peach,Super Princess Peach,,Nintendo,,7.8,,1.70m,27th Feb 06,,,DS
75,Dragon Quest VI: Realms of Revelation,Dragon Quest VI: Realms of Revelation,,Nintendo,,7.6,,1.70m,14th Feb 11,,,DS
76,Dragon Quest V: Hand of the Heavenly Bride,Dragon Quest V: Hand of the Heavenly Bride Read the review,,Square Enix,8.4,8.6,,1.70m,17th Feb 09,,,DS
77,Ben 10: Protector of Earth,Ben 10: Protector of Earth,,D3 Publisher,,,,,30th Oct 07,,,DS
78,Cooking Mama 3: Shop & Chop,Cooking Mama 3: Shop & Chop,,505 Games,,,,,20th Oct 09,,,DS
79,Kanshuu Nippon Joushikiryoku Kentei Kyoukai: Imasara Hito ni wa Kikenai Otona no Joushikiryoku Training DS,Kanshuu Nippon Joushikiryoku Kentei Kyoukai: Imasara Hito ni wa Kikenai Otona no Joushikiryoku Training DS,,Nintendo,,,,1.68m,26th Oct 06,,,DS
80,SpongeBob's Atlantis SquarePantis,SpongeBob's Atlantis SquarePantis,,THQ,,,,,23rd Oct 07,,,DS
81,Dragon Quest IV: Chapters of the Chosen,Dragon Quest IV: Chapters of the Chosen Read the review,,Square Enix,8.0,8.1,8.0,1.60m,16th Sep 08,,,DS
82,Diddy Kong Racing DS,Diddy Kong Racing DS,,Nintendo,,5.1,,1.59m,05th Feb 07,,,DS
83,Guitar Hero: On Tour Decades,Guitar Hero: On Tour Decades,,Activision,,,,,16th Nov 08,,,DS
84,Moshi Monsters: Moshling Zoo,Moshi Monsters: Moshling Zoo,,Activision,,,,,06th Nov 11,,,DS
85,High School Musical 3: Senior Year,High School Musical 3: Senior Year,,Disney Interactive Studios,,,,,21st Oct 08,,,DS
86,Hannah Montana: Music Jam,Hannah Montana: Music Jam,,Disney Interactive Studios,,,,,16th Oct 07,,,DS
87,MySims Kingdom,MySims Kingdom,,Electronic Arts,,,,,28th Oct 08,,,DS
88,Practise English!,Practise English!,,Nintendo,,,,1.55m,26th Oct 07,,,DS
89,Pokémon Ranger: Guardian Signs,Pokémon Ranger: Guardian Signs,,Nintendo,,6.5,,1.53m,04th Oct 10,,,DS
90,Disney Fairies: Tinker Bell,Disney Fairies: Tinker Bell,,Disney Interactive Studios,,,,,28th Oct 08,,,DS
91,Mario vs. Donkey Kong 2: March of the Minis,Mario vs. Donkey Kong 2: March of the Minis,,Nintendo,,7.7,,1.52m,25th Sep 06,,,DS
92,The Simpsons Game,The Simpsons Game,,Electronic Arts,,,,,30th Oct 07,,,DS
93,Sonic Colors,Sonic Colors Read the review,,Sega,8.3,8.2,8.1,1.50m,16th Nov 10,,,DS
94,Pokémon Mystery Dungeon: Explorers of Sky,Pokémon Mystery Dungeon: Explorers of Sky,,Nintendo,,5.7,,1.49m,12th Oct 09,,,DS
95,Bratz: Forever Diamondz,Bratz: Forever Diamondz,,THQ,,,,,18th Sep 06,,,DS
96,Drawn To Life: SpongeBob SquarePants Edition,Drawn To Life: SpongeBob SquarePants Edition,,THQ,,,,,15th Sep 08,,,DS
97,LEGO Battles: Ninjago,LEGO Battles: Ninjago,,Warner Bros. Interactive,,5.0,,,12th Apr 11,,,DS
98,Tamagotchi Connection: Corner Shop,Tamagotchi Connection: Corner Shop,,Bandai,,,,1.48m,31st Jan 06,,,DS
99,Imagine: Master Chef,Imagine: Master Chef,,Ubisoft,,,,,23rd Oct 07,,,DS
100,Super Scribblenauts,Super Scribblenauts Read the review,,Warner Bros. Interactive,8.9,7.9,,,12th Oct 10,,,DS
101,Wall-E,Wall-E,,THQ,,,,,24th Jun 08,,,DS
102,My Word Coach,My Word Coach,,Ubisoft,,,,,06th Nov 07,,,DS
103,Disney Princess: Magical Jewels,Disney Princess: Magical Jewels,,Disney Interactive Studios,,,,,16th Oct 07,,,DS
104,Hello Kitty Party,Hello Kitty Party,,Majesco,,,,,23rd Nov 09,,,DS
105,Bakugan: Battle Brawlers,Bakugan: Battle Brawlers,,Activision,,6.4,,,20th Oct 09,,,DS
106,Personal Trainer: Math,Personal Trainer: Math,,Nintendo,,,,1.37m,12th Jan 09,,,DS
107,Gardening Mama,Gardening Mama Read the review,,Majesco,5.9,6.6,,,31st Mar 09,,,DS
108,Grand Theft Auto: Chinatown Wars,Grand Theft Auto: Chinatown Wars Read the review,,Rockstar Games,9.3,9.5,9.6,,17th Mar 09,,,DS
109,Petz Wild Animals: Dolphinz,Petz Wild Animals: Dolphinz,,Ubisoft,,,,,16th Oct 07,,,DS
110,LEGO Battles,LEGO Battles,,Warner Bros. Interactive,,,,,10th Jun 09,,,DS
111,Imagine: Wedding Designer,Imagine: Wedding Designer,,Ubisoft,,,,,04th Nov 08,17th Sep 18,,DS
112,Kung Fu Panda,Kung Fu Panda,,Activision,,,,,03rd Jun 08,,,DS
113,Ratatouille,Ratatouille,,THQ,,7.0,,,26th Jun 07,,,DS
114,Cars 2,Cars 2,,Disney Interactive Studios,,6.5,,,21st Jun 11,,,DS
115,Transformers: Autobots / Decepticons,Transformers: Autobots / Decepticons,,Activision,,,,,19th Jun 07,,,DS
116,Kirby: Mass Attack,Kirby: Mass Attack Read the review,,Nintendo,9.0,8.4,,1.22m,19th Sep 11,,,DS
117,Final Fantasy IV,Final Fantasy IV Read the review,,Square Enix,9.0,8.5,9.0,1.20m,21st Jul 08,,,DS
118,Sonic Rush Adventure,Sonic Rush Adventure,,Sega,,,,1.20m,18th Sep 07,,,DS
119,LEGO Indiana Jones 2: The Adventure Continues,LEGO Indiana Jones 2: The Adventure Continues,,LucasArts,,,,,17th Nov 09,,,DS
120,Mystery Case Files: MillionHeir,Mystery Case Files: MillionHeir,,Nintendo,,7.4,,1.18m,08th Sep 08,,,DS
121,Inazuma Eleven 2: Kyoui no Shinryokusha - Fire / Blizzard,Inazuma Eleven 2: Kyoui no Shinryokusha - Fire / Blizzard,,Level 5,,,,,01st Oct 09,31st Aug 18,,DS
122,High School Musical 2: Work This Out!,High School Musical 2: Work This Out!,,Disney Interactive Studios,,,,,15th Apr 08,,,DS
123,Oshare Majo Love and Berry: DS Collection,Oshare Majo Love and Berry: DS Collection,,Sega,,,,1.12m,22nd Nov 06,,,DS
124,Plants vs. Zombies,Plants vs. Zombies Read the review,,PopCap Games,8.3,8.1,,,18th Jan 11,,,DS
125,LEGO Star Wars III: The Clone Wars,LEGO Star Wars III: The Clone Wars,,LucasArts,,6.3,,,22nd Mar 11,,,DS
126,Chrono Trigger,Chrono Trigger Read the review,,Square Enix,8.8,9.2,,1.10m,25th Nov 08,,,DS
127,Super Monkey Ball: Touch & Roll,Super Monkey Ball: Touch & Roll,,Sega,,,,1.10m,21st Feb 06,,,DS
128,Petz Dogz 2,Petz Dogz 2,,Ubisoft,,,,,14th Nov 07,,,DS
129,Tamagotchi Connection: Corner Shop 2,Tamagotchi Connection: Corner Shop 2,,Namco Bandai,,,,1.09m,14th Nov 06,,,DS
130,Imagine: Babysitters,Imagine: Babysitters,,Ubisoft,,,,,07th Oct 08,,,DS
131,Metroid Prime Hunters,Metroid Prime Hunters,,Nintendo,,8.4,,1.08m,20th Mar 06,,,DS
132,LEGO Star Wars II: The Original Trilogy,LEGO Star Wars II: The Original Trilogy,,LucasArts,,4.9,,,12th Sep 06,,,DS
133,Imagine: Fashion Designer New York,Imagine: Fashion Designer New York,,Ubisoft,,,,,13th Oct 08,17th Sep 18,,DS
134,MySims Agents,MySims Agents,,Electronic Arts,,,,,29th Sep 09,,,DS
135,Spore Creatures,Spore Creatures,,Electronic Arts,,7.2,,,07th Sep 08,,,DS
136,Call of Duty 4: Modern Warfare,Call of Duty 4: Modern Warfare,,Activision,,7.3,,,05th Nov 07,,,DS
137,Dora the Explorer: Dora Saves the Mermaids,Dora the Explorer: Dora Saves the Mermaids,,2K Play,,,,,05th Nov 07,,,DS
138,Imagine: Animal Doctor,Imagine: Animal Doctor,,Ubisoft,,,,,23rd Oct 07,17th Sep 18,,DS
139,Sonic & SEGA All-Stars Racing,Sonic & SEGA All-Stars Racing,,Sega,,8.3,,,23rd Feb 10,,,DS
140,Final Fantasy XII: Revenant Wings,Final Fantasy XII: Revenant Wings Read the review,,Square Enix,8.6,8.2,,1.04m,20th Nov 07,,,DS
141,ZhuZhu Pets,ZhuZhu Pets,,Activision,,,,,23rd Mar 10,,,DS
142,Disney Fairies: Tinker Bell and the Lost Treasure,Disney Fairies: Tinker Bell and the Lost Treasure,,Disney Interactive Studios,,,,,27th Oct 09,,,DS
143,Junior Brain Trainer,Junior Brain Trainer,,Take-Two Interactive,,,,,03rd Nov 09,,,DS
144,Pokémon Conquest,Pokémon Conquest Read the review,,Nintendo,8.6,,,,18th Jun 12,30th Jul 18,,DS
145,Petz: Catz 2,Petz: Catz 2,,Ubisoft,,,,,14th Nov 07,,,DS
146,Sekai no Gohan Shaberu! DS Oryouri Navi,Sekai no Gohan Shaberu! DS Oryouri Navi,,Nintendo,,,,1.01m,04th Dec 08,,,DS
147,Scribblenauts,Scribblenauts Read the review,,Warner Bros. Interactive,8.8,8.2,,1.00m,15th Sep 09,,,DS
148,Apollo Justice: Ace Attorney,Apollo Justice: Ace Attorney Read the review,,Capcom,7.9,8.0,,,19th Feb 08,,,DS
149,Puzzler Collection,Puzzler Collection,,Zoo Digital Publishing,,,,,05th Aug 08,,,DS
150,Littlest Pet Shop: Winter,Littlest Pet Shop: Winter,,Electronic Arts,,,,,14th Oct 08,,,DS
151,Zoo Tycoon DS,Zoo Tycoon DS,,THQ,,4.6,,,11th Oct 05,,,DS
152,Disney Tangled,Disney Tangled Read the review,,Disney Interactive Studios,2.0,,,,23rd Nov 10,,,DS
153,Cars,Cars,,THQ,,,,,06th Jun 06,,,DS
154,My Weight Loss Coach,My Weight Loss Coach,,Ubisoft,,,,,24th Jun 08,,,DS
155,Mega Man Star Force Dragon / Leo / Pegasus,Mega Man Star Force Dragon / Leo / Pegasus,,Capcom,,,,,07th Aug 07,,,DS
156,Ben 10: Alien Force,Ben 10: Alien Force,,D3 Publisher,,,,,28th Oct 08,,,DS
157,The Sims 2,The Sims 2,,Electronic Arts,,,,,24th Oct 05,,,DS
158,Kingdom Hearts Re:coded,Kingdom Hearts Re:coded Read the review,,Square Enix,7.3,6.8,,,11th Jan 11,,,DS
159,Monster High: Ghoul Spirit,Monster High: Ghoul Spirit,,THQ,,,,,25th Oct 11,,,DS
160,Build-A-Bear Workshop,Build-A-Bear Workshop,,Game Factory,,,,,05th Nov 07,,,DS
161,Phoenix Wright: Ace Attorney,Phoenix Wright: Ace Attorney Read the review,,Capcom,8.0,8.1,,,12th Oct 05,,,DS
162,LEGO Pirates of the Caribbean: The Video Game,LEGO Pirates of the Caribbean: The Video Game,,Disney Interactive Studios,,6.8,,,10th May 11,,,DS
163,TouchMaster 2,TouchMaster 2,,Midway Games,,,,,21st Oct 08,,,DS
164,Call of Duty: World at War,Call of Duty: World at War,,Activision,,7.4,,,10th Nov 08,,,DS
165,Fossil Fighters,Fossil Fighters,,Nintendo,,6.9,,,10th Aug 09,,,DS
166,Star Wars: The Force Unleashed,Star Wars: The Force Unleashed,,LucasArts,,,,,16th Sep 08,,,DS
167,Sonic Chronicles: The Dark Brotherhood,Sonic Chronicles: The Dark Brotherhood,,Sega,,7.3,,,30th Sep 08,,,DS
168,Peppa Pig: The Game,Peppa Pig: The Game,,Pinnacle,,,,,28th Nov 08,,,DS
169,Wizards of Waverly Place,Wizards of Waverly Place,,Disney Interactive Studios,,,,,25th Aug 09,,,DS
170,FIFA Soccer 08,FIFA Soccer 08,,EA Sports,,,,,09th Oct 07,,,DS
171,The Legendary Starfy,The Legendary Starfy Read the review,,Nintendo,7.2,7.1,,,08th Jun 09,,,DS
172,Petz Dogz Fashion,Petz Dogz Fashion,,Ubisoft,,,,,17th Jun 08,,,DS
173,Harry Potter and the Order of the Phoenix,Harry Potter and the Order of the Phoenix,,Electronic Arts,,,,,25th Jun 07,,,DS
174,Scooby-Doo! First Frights,Scooby-Doo! First Frights,,Warner Bros. Interactive,,,,,22nd Sep 09,,,DS
175,I Spy: Fun House,I Spy: Fun House,,Scholastic Inc.,,,,,29th Aug 07,,,DS
176,Imagine: Rock Star,Imagine: Rock Star,,Ubisoft,,,,,17th Jun 08,,,DS
177,Disney's The Little Mermaid: Ariel's Undersea Adventure,Disney's The Little Mermaid: Ariel's Undersea Adventure,,Buena Vista,,,,,02nd Oct 06,,,DS
178,Battle of Giants: Dinosaurs,Battle of Giants: Dinosaurs,,Ubisoft,,,,,21st Oct 08,,,DS
179,Golden Sun: Dark Dawn,Golden Sun: Dark Dawn,,Nintendo,,8.0,,,29th Nov 10,,,DS
180,Rayman Raving Rabbids 2,Rayman Raving Rabbids 2,,Ubisoft,,,,,13th Nov 07,,,DS
181,Personal Trainer: Walking,Personal Trainer: Walking,,Nintendo,,,,,26th May 09,,,DS
182,Star Wars The Clone Wars: Jedi Alliance,Star Wars The Clone Wars: Jedi Alliance,,LucasArts,,,,,11th Nov 08,,,DS
183,Drawn to Life,Drawn to Life,,THQ,,,,,10th Sep 07,,,DS
184,Puzzler World,Puzzler World,,Atari,,,,,08th Dec 09,,,DS
185,Tetris Party Deluxe,Tetris Party Deluxe,,Majesco,,,,,01st Jun 10,,,DS
186,Pokémon Dash,Pokémon Dash,,Nintendo,,5.3,,,14th Mar 05,,,DS
187,My Baby Girl,My Baby Girl,,SouthPeak Interactive,,,,,04th Nov 08,,,DS
188,Spectrobes,Spectrobes,,Disney Interactive Studios,,6.2,,,06th Mar 07,,,DS
189,Jump Ultimate Stars,Jump Ultimate Stars,,Nintendo,,,,,23rd Nov 06,,,DS
190,Sega Superstars Tennis,Sega Superstars Tennis,,Sega,,6.2,,,18th Mar 08,,,DS
191,Madagascar: Escape 2 Africa,Madagascar: Escape 2 Africa,,Activision,,,,,04th Nov 08,,,DS
192,iCarly,iCarly,,Activision,,,,,27th Oct 09,,,DS
193,My Little Pony: Pinkie Pie's Party,My Little Pony: Pinkie Pie's Party,,THQ,,,,,22nd Sep 08,,,DS
194,Harvest Moon DS: Island of Happiness,Harvest Moon DS: Island of Happiness,,Natsume,,,,,26th Aug 08,,,DS
195,Imagine: Interior Designer,Imagine: Interior Designer,,Ubisoft,,,,,04th Nov 08,,,DS
196,Rabbids Go Home,Rabbids Go Home,,Ubisoft,,8.8,,,03rd Nov 09,,,DS
197,Kirby: Canvas Curse,Kirby: Canvas Curse,,Nintendo,,8.9,,,13th Jun 05,,,DS
198,The Sims 2: Castaway,The Sims 2: Castaway,,Electronic Arts,,,,,22nd Oct 07,,,DS
199,LEGO Batman 2: DC Super Heroes,LEGO Batman 2: DC Super Heroes,,Warner Bros. Interactive Entertainment,,,,,26th Jun 12,02nd Jan 19,,DS
200,Ace Attorney Investigations: Miles Edgeworth,Ace Attorney Investigations: Miles Edgeworth Read the review,,Capcom,8.4,7.7,,,16th Feb 10,,,DS
201,FIFA Soccer 11,FIFA Soccer 11,,EA Sports,,7.0,,,28th Sep 10,,,DS
202,Hannah Montana: The Movie,Hannah Montana: The Movie,,Disney Interactive Studios,,,,,07th Apr 09,,,DS
203,World of Zoo,World of Zoo,,THQ,,,,,26th Oct 09,,,DS
204,The Sims 2: Apartment Pets,The Sims 2: Apartment Pets,,Electronic Arts,,,,,26th Aug 08,20th Apr 18,,DS
205,Lalaloopsy,Lalaloopsy,,Activision,,,,,06th Nov 11,,,DS
206,LEGO Harry Potter: Years 5-7,LEGO Harry Potter: Years 5-7,,Warner Bros. Interactive,,,,,11th Nov 11,,,DS
207,Cars: Mater-National Championship,Cars: Mater-National Championship,,THQ,,,,,29th Oct 07,,,DS
208,Final Fantasy Tactics A2: Grimoire of the Rift,Final Fantasy Tactics A2: Grimoire of the Rift Read the review,,Square Enix,8.1,8.1,,0.67m,24th Jun 08,,,DS
209,Zaidan Houjin Nippon Kanji Nouryoko Kentei Kyoukai Kounin: KanKen DS,Zaidan Houjin Nippon Kanji Nouryoko Kentei Kyoukai Kounin: KanKen DS,,Rocket Company,,,,,28th Sep 06,,,DS
210,The Sims 3,The Sims 3,,Electronic Arts,,7.5,,,26th Oct 10,,,DS
211,Fossil Fighters: Champions,Fossil Fighters: Champions,,Nintendo,,,,,14th Nov 11,,,DS
212,100 Classic Books,100 Classic Books Read the review,,Nintendo,7.2,4.0,,,14th Jun 10,,,DS
213,Final Fantasy Crystal Chronicles: Ring of Fates,Final Fantasy Crystal Chronicles: Ring of Fates,,Square Enix,,7.7,,,11th Mar 08,,,DS
214,Zaidan Houjin Nippon Kanji Nouryoku Kentei Kyoukai Koushiki Soft: 200 Mannin no KanKen: Tokoton Kanji Nou,Zaidan Houjin Nippon Kanji Nouryoku Kentei Kyoukai Koushiki Soft: 200 Mannin no KanKen: Tokoton Kanji Nou,,IE Institute,,,,,09th Nov 06,,,DS
215,Zaidan Houjin Nippon Kanji Nouryoku Kentei Kyoukai Koushiki Soft: 200 Mannin no KanKen: Tokoton Kanji Nou,Zaidan Houjin Nippon Kanji Nouryoku Kentei Kyoukai Koushiki Soft: 200 Mannin no KanKen: Tokoton Kanji Nou,,IE Institute,,,,,09th Nov 06,,,DS
216,Hidden Objects: Mystery Stories,Hidden Objects: Mystery Stories,,Navarre Corp,,,,,20th Jul 10,,,DS
217,Peppa Pig: Fun and Games,Peppa Pig: Fun and Games,,Ubisoft,,,,,26th Mar 10,,,DS
218,Club Penguin: Elite Penguin Force - Herbert's Revenge,Club Penguin: Elite Penguin Force - Herbert's Revenge,,Disney Interactive Studios,,,,,25th May 10,,,DS
219,Wario: Master of Disguise,Wario: Master of Disguise,,Nintendo,,,,,05th Mar 07,,,DS
220,Crafting Mama,Crafting Mama,,Majesco,,,,,26th Oct 10,,,DS
221,Drawn to Life: The Next Chapter,Drawn to Life: The Next Chapter,,THQ,,7.4,,,27th Oct 09,,,DS
222,Paws & Claws: Pet Vet,Paws & Claws: Pet Vet,,THQ,,,,,03rd Jan 07,,,DS
223,Up,Up,,THQ,,,,,26th May 09,,,DS
224,The Princess and the Frog,The Princess and the Frog,,Disney Interactive Studios,,,,,17th Nov 09,,,DS
225,Bolt,Bolt,,Disney Interactive Studios,,,,,18th Nov 08,,,DS
226,Phoenix Wright: Ace Attorney - Trials and Tribulations,Phoenix Wright: Ace Attorney - Trials and Tribulations,,Capcom,,7.9,,,23rd Oct 07,,,DS
227,Harry Potter and the Half-Blood Prince,Harry Potter and the Half-Blood Prince,,Electronic Arts,,,,,30th Jun 09,,,DS
228,Battle of Giants: Dragons,Battle of Giants: Dragons,,Ubisoft,,,,,29th Sep 09,,,DS
229,Dragon Quest Monsters: Joker 2 Professional,Dragon Quest Monsters: Joker 2 Professional,,Square Enix,,,,,31st Mar 11,,,DS
230,Advance Wars: Days of Ruin,Advance Wars: Days of Ruin Read the review,,Nintendo,8.7,8.4,,,21st Jan 08,,,DS
231,Ganbaru Watashi no Kakei Diary,Ganbaru Watashi no Kakei Diary,,Nintendo,,,,,12th Jul 07,,,DS
232,Petz: Dogz Pack,Petz: Dogz Pack,,Ubisoft,,,,,04th Nov 08,,,DS
233,MySims Racing,MySims Racing,,Electronic Arts,,,,,08th Jun 09,,,DS
234,Wipeout: The Game,Wipeout: The Game,,Activision,,,,,22nd Jun 10,,,DS
235,The Golden Compass,The Golden Compass,,Sega,,,,,04th Dec 07,,,DS
236,Ni no Kuni: Dominion of the Dark Djinn,Ni no Kuni: Dominion of the Dark Djinn,,Level 5,,,,0.60m,09th Dec 10,11th Jan 19,,DS
237,Littlest Pet Shop: Garden,Littlest Pet Shop: Garden,,Electronic Arts,,,,,14th Oct 08,,,DS
238,SimCity DS,SimCity DS,,Electronic Arts,,,,,19th Jun 07,,,DS
239,Littlest Pet Shop: Jungle,Littlest Pet Shop: Jungle,,Electronic Arts,,,,,14th Oct 08,,,DS
240,Pokémon Trozei!,Pokémon Trozei!,,Nintendo,,,,,06th Mar 06,,,DS
241,Spelling Challenges and more!,Spelling Challenges and more!,,Crave Entertainment,,,,,24th Sep 07,,,DS
242,Call of Duty: Black Ops,Call of Duty: Black Ops,,Activision,,7.0,,,09th Nov 10,,,DS
243,WarioWare D.I.Y.,WarioWare D.I.Y.,,Nintendo,,8.3,,,28th Mar 10,,,DS
244,Asphalt: Urban GT,Asphalt: Urban GT,,Ubisoft,,5.0,,,17th Nov 04,,,DS
245,FIFA Soccer 10,FIFA Soccer 10,,EA Sports,,,,,20th Oct 09,,,DS
246,Meccha! Taiko no Tatsujin Master DS: 7-tsu no Shima no Daibouken,Meccha! Taiko no Tatsujin Master DS: 7-tsu no Shima no Daibouken,,Namco Bandai,,,,0.58m,24th Apr 08,,,DS
247,Final Fantasy: The 4 Heroes of Light,Final Fantasy: The 4 Heroes of Light Read the review,,Square Enix,8.0,7.2,,,05th Oct 10,,,DS
248,My Secret World by Imagine,My Secret World by Imagine,,Ubisoft,,,,,16th Sep 08,,,DS
249,Harvest Moon: The Tale of Two Towns,Harvest Moon: The Tale of Two Towns,,Natsume,,6.3,,,20th Sep 11,,,DS
250,Mega Man Star Force 2: Zerker x Ninja / Saurian,Mega Man Star Force 2: Zerker x Ninja / Saurian,,Capcom,,,,,24th Jun 08,,,DS
1,Mario Kart 7,Mario Kart 7 Read the review,,Nintendo,9.0,8.2,,18.99m,04th Dec 11,,,3DS
2,Pokémon X/Y,Pokémon X/Y Read the review,,Nintendo,8.7,8.9,9.3,16.80m,12th Oct 13,06th Jan 18,,3DS
3,Pokémon Sun/Moon,Pokémon Sun/Moon,,Nintendo,,9.0,,16.34m,18th Nov 16,03rd Aug 18,,3DS
4,Pokémon Omega Ruby/Pokémon Alpha Sapphire,Pokémon Omega Ruby/Pokémon Alpha Sapphire,,Nintendo,,,,14.68m,21st Nov 14,03rd Aug 18,,3DS
5,New Super Mario Bros. 2,New Super Mario Bros. 2 Read the review,,Nintendo,7.6,7.5,,13.42m,19th Aug 12,30th Jan 18,,3DS
6,Animal Crossing: New Leaf,Animal Crossing: New Leaf Read the review,,Nintendo,9.0,8.6,,13.07m,09th Jun 13,02nd Jan 18,,3DS
7,Super Mario 3D Land,Super Mario 3D Land Read the review,,Nintendo,9.1,8.9,,12.89m,13th Nov 11,06th Apr 18,,3DS
8,Super Smash Bros. for 3DS,Super Smash Bros. for 3DS Read the review,,Nintendo,8.6,8.4,,9.65m,03rd Oct 14,11th Apr 18,,3DS
9,Pokémon: Ultra Sun and Ultra Moon,Pokémon: Ultra Sun and Ultra Moon,,Nintendo,,8.1,,9.28m,17th Nov 17,03rd Aug 18,,3DS
10,Yokai Watch 2: Bony Spirits / Fleshy Souls / Psychic Specters,Yokai Watch 2: Bony Spirits / Fleshy Souls / Psychic Specters,,Nintendo,,,,7.30m,30th Sep 16,26th Jan 19,,3DS
11,Tomodachi Life,Tomodachi Life,,Nintendo,,7.8,,6.73m,06th Jun 14,05th Jan 18,,3DS
12,Luigi's Mansion: Dark Moon,Luigi's Mansion: Dark Moon Read the review,,Nintendo,7.0,8.6,,6.48m,24th Mar 13,03rd Aug 20,,3DS
13,The Legend of Zelda: Ocarina of Time 3D,The Legend of Zelda: Ocarina of Time 3D Read the review,,Nintendo,9.2,9.3,,6.44m,19th Jun 11,,,3DS
14,Nintendogs + cats,Nintendogs + cats Read the review,,Nintendo,7.7,7.2,,4.69m,27th Mar 11,,,3DS
15,Monster Hunter Generations,Monster Hunter Generations,,Capcom,,8.8,,4.30m,15th Jul 16,30th Jan 18,,3DS
16,The Legend of Zelda: A Link Between Worlds,The Legend of Zelda: A Link Between Worlds Read the review,,Nintendo,9.0,9.3,,4.24m,22nd Nov 13,05th Jan 18,,3DS
17,Monster Hunter 4 Ultimate,Monster Hunter 4 Ultimate,,Capcom,,8.8,,4.20m,13th Feb 15,28th Mar 18,,3DS
18,Monster Hunter 4,Monster Hunter 4,,Capcom,,,,4.10m,14th Sep 13,07th Jan 19,,3DS
19,Super Mario Maker,Super Mario Maker,,Nintendo,,7.3,,3.79m,02nd Dec 16,29th Mar 18,,3DS
20,Animal Crossing: Happy Home Designer,Animal Crossing: Happy Home Designer,,Nintendo,,6.6,,3.51m,25th Sep 15,14th Jan 18,,3DS
21,The Legend of Zelda: Majora's Mask 3D,The Legend of Zelda: Majora's Mask 3D Read the review,,Nintendo,9.0,9.0,,3.46m,13th Feb 15,31st Jan 18,,3DS
22,Fire Emblem Fates,Fire Emblem Fates,,Nintendo,,,,3.09m,19th Feb 16,31st Dec 17,,3DS
23,Bravely Default: Flying Fairy,Bravely Default: Flying Fairy Read the review,,Nintendo,8.8,8.2,,3.00m,07th Feb 14,05th Jan 18,,3DS
24,Yokai Watch,Yokai Watch,,Nintendo,,7.7,,2.97m,06th Nov 15,05th Jan 18,,3DS
25,Mario Party: Island Tour,Mario Party: Island Tour Read the review,,Nintendo,6.8,5.5,,2.95m,22nd Nov 13,04th Aug 20,,3DS
26,Donkey Kong Country Returns 3D,Donkey Kong Country Returns 3D Read the review,,Nintendo,8.8,8.6,,2.94m,24th May 13,28th Sep 18,,3DS
27,Mario & Luigi: Dream Team,Mario & Luigi: Dream Team Read the review,,Nintendo,7.8,8.0,,2.70m,11th Aug 13,28th Aug 18,,3DS
28,Kirby: Triple Deluxe,Kirby: Triple Deluxe,,Nintendo,,7.8,,2.66m,02nd May 14,30th Jan 18,,3DS
29,Monster Hunter 3G,Monster Hunter 3G,,Capcom,,7.6,,2.60m,19th Mar 13,05th Jan 18,,3DS
30,Paper Mario: Sticker Star,Paper Mario: Sticker Star Read the review,,Nintendo,6.8,,,2.49m,11th Nov 12,05th Jan 18,,3DS
31,Yokai Watch Blasters: Red Cat Corps / White Dog Squad,Yokai Watch Blasters: Red Cat Corps / White Dog Squad,,Nintendo,,,,2.37m,07th Sep 18,09th Sep 18,,3DS
32,Fire Emblem: Awakening,Fire Emblem: Awakening Read the review,,Nintendo,9.3,9.0,,2.37m,04th Feb 13,01st Jan 18,,3DS
33,Yokai Watch 3: Sushi / Tempura / Sukiyaki,Yokai Watch 3: Sushi / Tempura / Sukiyaki,,Level 5,,,,2.21m,16th Jul 16,26th Jan 19,,3DS
34,Yoshi's New Island,Yoshi's New Island Read the review,,Nintendo,6.8,,,2.06m,14th Mar 14,01st Feb 18,,3DS
35,LEGO City Undercover: The Chase Begins,LEGO City Undercover: The Chase Begins,,Nintendo,,6.2,,2.04m,21st Apr 13,05th Jan 18,,3DS
36,Dragon Quest XI,Dragon Quest XI,,Square Enix,,,,,29th Jul 17,05th Jan 18,,3DS
37,Monster Hunter Double Cross,Monster Hunter Double Cross,,Capcom,,,,1.80m,18th Mar 17,05th Jan 18,,3DS
38,Tomodachi Collection: New Life,Tomodachi Collection: New Life,,Nintendo,,,,,13th Apr 13,06th Jan 18,,3DS
39,Pokémon Super Mystery Dungeon,Pokémon Super Mystery Dungeon,,Nintendo,,7.7,,1.67m,20th Nov 15,03rd Aug 18,,3DS
40,Kirby: Planet Robobot,Kirby: Planet Robobot,,Nintendo,,7.7,,1.64m,10th Jun 16,20th Apr 18,,3DS
41,Dragon Quest VII: Fragments of the Forgotten Past,Dragon Quest VII: Fragments of the Forgotten Past,,Nintendo,,,,1.60m,16th Sep 16,30th Jan 18,,3DS
42,Mario Tennis Open,Mario Tennis Open Read the review,,Nintendo,6.5,6.6,,1.58m,20th May 12,03rd May 19,,3DS
43,Puzzle & Dragons,Puzzle & Dragons,,GungHo Online Entertainment,,,,1.50m,12th Dec 13,05th Jan 18,,3DS
44,Puzzle & Dragons Z + Super Mario Bros. Edition,Puzzle & Dragons Z + Super Mario Bros. Edition,,Nintendo,,7.8,,1.50m,22nd May 15,17th Jul 18,,3DS
45,Professor Layton and the Mask of Miracle,Professor Layton and the Mask of Miracle Read the review,,Nintendo,8.5,8.4,,1.48m,28th Oct 12,05th Jan 18,,3DS
46,Style Savvy: Trendsetters,Style Savvy: Trendsetters,,Nintendo,,,,1.44m,22nd Oct 12,07th Jan 18,,3DS
47,Style Savvy: Fashion Forward,Style Savvy: Fashion Forward,,Nintendo,,6.5,,1.41m,19th Aug 16,07th Jan 18,,3DS
48,Pokémon Rumble Blast,Pokémon Rumble Blast Read the review,,Nintendo,5.6,5.3,,1.40m,24th Oct 11,,,3DS
49,Pokémon Mystery Dungeon: Gates to Infinity,Pokémon Mystery Dungeon: Gates to Infinity,,Nintendo,,5.9,,1.39m,24th Mar 13,05th Jan 18,,3DS
50,Kid Icarus: Uprising,Kid Icarus: Uprising Read the review,,Nintendo,9.2,8.0,,1.37m,23rd Mar 12,05th Jan 18,,3DS
51,The Legend of Zelda: Tri Force Heroes,The Legend of Zelda: Tri Force Heroes,,Nintendo,,7.4,,1.36m,23rd Oct 15,04th Jan 18,,3DS
52,Kingdom Hearts 3D: Dream Drop Distance,Kingdom Hearts 3D: Dream Drop Distance Read the review,,Square Enix,8.3,7.5,,1.30m,31st Jul 12,05th Jan 18,,3DS
53,Super Street Fighter IV: 3D Edition,Super Street Fighter IV: 3D Edition Read the review,,Capcom,8.7,8.5,,1.30m,27th Mar 11,,,3DS
54,Miitopia,Miitopia,,Nintendo,,6.6,,1.22m,28th Jul 17,18th Nov 18,,3DS
55,Mario & Sonic at the London 2012 Olympic Games,Mario & Sonic at the London 2012 Olympic Games Read the review,,Sega,7.0,6.5,,,14th Feb 12,,,3DS
56,Dragon Quest VIII: Journey of the Cursed King,Dragon Quest VIII: Journey of the Cursed King,,Nintendo,,8.8,,,20th Jan 17,07th Jan 18,,3DS
57,LEGO Star Wars III: The Clone Wars,LEGO Star Wars III: The Clone Wars,,LucasArts,,6.7,,,27th Mar 11,,,3DS
58,Fantasy Life,Fantasy Life,,Nintendo,,6.9,,1.11m,24th Oct 14,01st Jan 18,,3DS
59,Mario & Luigi: Paper Jam,Mario & Luigi: Paper Jam,,Nintendo,,7.4,,1.08m,22nd Jan 16,07th Jan 18,,3DS
60,Star Fox 64 3D,Star Fox 64 3D Read the review,,Nintendo,8.0,8.0,,1.07m,09th Sep 11,,,3DS
61,Sonic Generations,Sonic Generations,,Sega,,6.3,,,22nd Nov 11,,,3DS
62,Lego Marvel Super Heroes: Universe in Peril,Lego Marvel Super Heroes: Universe in Peril,,Warner Bros. Interactive Entertainment,,,,,22nd Oct 13,04th Jan 18,,3DS
63,Rhythm Heaven Megamix,Rhythm Heaven Megamix,,Nintendo,,8.8,,1.03m,15th Jun 16,31st May 18,,3DS
64,Fire Emblem Echoes: Shadows of Valentia,Fire Emblem Echoes: Shadows of Valentia,,Nintendo,,8.3,,1.00m,19th May 17,31st Dec 17,,3DS
65,Monster Strike 3DS,Monster Strike 3DS,,"mixi, Inc",,,,1.00m,17th Dec 15,07th Jan 18,,3DS
66,PilotWings Resort,PilotWings Resort Read the review,,Nintendo,6.1,6.9,,,27th Mar 11,,,3DS
67,Harvest Moon 3D: A New Beginning,Harvest Moon 3D: A New Beginning,,Natsume,,8.2,,,06th Nov 12,07th Jan 18,,3DS
68,Dragon Quest Monsters: Terry's Wonderland 3D,Dragon Quest Monsters: Terry's Wonderland 3D,,Square Enix,,,,0.90m,31st May 12,07th Jan 18,,3DS
69,Resident Evil: Revelations,Resident Evil: Revelations Read the review,,Capcom,9.0,7.8,,,07th Feb 12,,,3DS
70,Mario Party: Star Rush,Mario Party: Star Rush,,Nintendo,,6.2,,,04th Nov 16,19th Nov 18,,3DS
71,LEGO Batman 2: DC Super Heroes,LEGO Batman 2: DC Super Heroes,,Warner Bros. Interactive Entertainment,,,,,26th Jun 12,02nd Jan 19,,3DS
72,LEGO Jurassic World,LEGO Jurassic World,,Warner Bros. Interactive Entertainment,,,,,12th Jun 15,06th Apr 18,,3DS
73,Professor Layton vs Ace Attorney,Professor Layton vs Ace Attorney,,Nintendo,,8.1,,,29th Aug 14,07th Jan 18,,3DS
74,Yokai Watch 3: Sukiyaki,Yokai Watch 3: Sukiyaki,,Nintendo,,,,,02nd Feb 19,09th Sep 18,,3DS
75,Professor Layton and the Azran Legacy,Professor Layton and the Azran Legacy,,Nintendo,,8.0,,,28th Feb 14,07th Jan 18,,3DS
76,Dragon Quest Monsters 2,Dragon Quest Monsters 2,,Square Enix,,,,,06th Feb 14,07th Jan 18,,3DS
77,The Sims 3,The Sims 3,,Electronic Arts,,5.6,,,27th Mar 11,,,3DS
78,The LEGO Movie Videogame,The LEGO Movie Videogame,,Warner Bros. Interactive Entertainment,,,,,07th Feb 14,20th Mar 18,,3DS
79,Mario & Sonic at the Rio 2016 Olympic Games,Mario & Sonic at the Rio 2016 Olympic Games,,Nintendo,,,,,18th Mar 16,05th Apr 18,,3DS
80,Bravely Second: End Layer,Bravely Second: End Layer,,Nintendo,,7.4,,0.70m,15th Apr 16,08th Jan 18,,3DS
81,Monster Hunter Stories,Monster Hunter Stories,,Capcom,,8.1,,,08th Sep 17,23rd May 18,,3DS
82,Mario Party: The Top 100,Mario Party: The Top 100,,Nintendo,,5.0,,,10th Nov 17,04th Aug 20,,3DS
83,Rune Factory 4,Rune Factory 4,,Xseed Games,,,,,01st Oct 13,08th Jan 18,,3DS
84,Frozen: Olaf's Quest,Frozen: Olaf's Quest,,GameMill Entertainment,,,,,12th Nov 13,07th Jan 18,,3DS
85,Angry Birds Trilogy,Angry Birds Trilogy,,Activision,,,,,25th Sep 12,07th Jan 18,,3DS
86,Dragon Quest Monsters Joker 3,Dragon Quest Monsters Joker 3,,Square Enix,,,,,24th Mar 16,07th Jan 18,,3DS
87,Rayman 3D,Rayman 3D Read the review,,Ubisoft,6.7,6.3,,,22nd Mar 11,,,3DS
88,Scribblenauts: Unlimited,Scribblenauts: Unlimited,,Warner Bros. Interactive Entertainment,,,,,13th Nov 12,31st Dec 17,,3DS
89,LEGO Pirates of the Caribbean: The Video Game,LEGO Pirates of the Caribbean: The Video Game,,Disney Interactive Studios,,7.0,,,10th May 11,08th Jan 18,,3DS
90,Cooking Mama 4: Kitchen Magic!,Cooking Mama 4: Kitchen Magic! Read the review,,Majesco,5.3,,,,15th Nov 11,,,3DS
91,Tousouchuu: Shijou Saikyou no Hunter-Tachi Kara Nigekire!,Tousouchuu: Shijou Saikyou no Hunter-Tachi Kara Nigekire!,,Namco Bandai Games,,,,,05th Jul 12,16th Mar 18,,3DS
92,Shin Megami Tensei IV,Shin Megami Tensei IV Read the review,,Atlus,8.6,8.3,,0.60m,16th Jul 13,05th Aug 20,,3DS
93,Final Fantasy Explorers,Final Fantasy Explorers,,Square Enix,,7.3,,,26th Jan 16,08th Jan 18,,3DS
94,Skylanders: Spyro's Adventure,Skylanders: Spyro's Adventure,,Activision,,,,,16th Oct 11,,,3DS
95,Disney Magic World 2,Disney Magic World 2,,Nintendo,,7.5,,,14th Oct 16,08th Jan 18,,3DS
96,Yokai Sangokushi,Yokai Sangokushi,,Level 5,,,,,02nd Apr 16,08th Jan 18,,3DS
97,Xenoblade Chronicles,Xenoblade Chronicles,,Nintendo,,8.6,,,10th Apr 15,15th Jan 18,,3DS
98,Metroid: Samus Returns,Metroid: Samus Returns,,Nintendo,,9.1,,,15th Sep 17,21st Sep 18,,3DS
99,Layton's Mystery Journey: Katrielle and the Millionaire's Conspiracy,Layton's Mystery Journey: Katrielle and the Millionaire's Conspiracy,,Level 5,,,,,06th Oct 17,23rd Jan 18,,3DS
100,Inazuma Eleven GO: Dark / Shine,Inazuma Eleven GO: Dark / Shine,,Level 5,,,,,15th Dec 11,08th Jan 18,,3DS
101,Poochy & Yoshi's Woolly World,Poochy & Yoshi's Woolly World,,Nintendo,,7.5,,,03rd Feb 17,07th Jan 18,,3DS
102,Dragon Ball: Fusions,Dragon Ball: Fusions,,Namco Bandai Games,,6.3,,,22nd Nov 16,14th Jan 18,,3DS
103,FIFA 15,FIFA 15,,EA Sports,,,,,23rd Sep 14,23rd Mar 18,,3DS
104,Run for Money Tousouchuu,Run for Money Tousouchuu,,Unknown,,,,0.52m,,22nd Nov 20,,3DS
105,Lego Batman 3: Beyond Gotham,Lego Batman 3: Beyond Gotham,,Warner Bros. Interactive Entertainment,,,,,11th Nov 14,06th Jan 18,,3DS
106,Mario & Luigi Superstar Saga + Bowser's Minions,Mario & Luigi Superstar Saga + Bowser's Minions,,Nintendo,,,,,06th Oct 17,26th Jan 18,,3DS
107,Yokai Watch Busters 2: Hihou Densetsu Banbarayaa - Magnum / Sword,Yokai Watch Busters 2: Hihou Densetsu Banbarayaa - Magnum / Sword,,Level 5,,,,,16th Dec 17,09th Sep 18,,3DS
108,Shovel Knight,Shovel Knight,,Yacht Club Games,,,,0.50m,03rd Nov 15,21st Nov 18,,3DS
109,Disney Magic Castle: My Happy Life,Disney Magic Castle: My Happy Life,,Nintendo,,7.9,,0.50m,11th Apr 14,07th Jan 18,,3DS
110,Hometown Story,Hometown Story,,Natsume,,5.5,,,22nd Oct 13,14th Jan 18,,3DS
111,Pokémon Art Academy,Pokémon Art Academy,,Nintendo,,7.8,,,24th Oct 14,03rd Aug 18,,3DS
112,Epic Mickey: Power of Illusion,Epic Mickey: Power of Illusion,,Disney Interactive Studios,,6.6,,,18th Nov 12,09th Jan 18,,3DS
113,Super Monkey Ball 3D,Super Monkey Ball 3D,,Sega,,5.7,,,27th Mar 11,,,3DS
114,Steel Diver,Steel Diver,,Nintendo,,5.6,,,27th Mar 11,,,3DS
115,Resident Evil: The Mercenaries 3D,Resident Evil: The Mercenaries 3D Read the review,,Capcom,6.3,6.3,,,28th Jun 11,,,3DS
116,Story of Seasons: Trio of Towns,Story of Seasons: Trio of Towns,,Marvelous Interactive,,7.9,,,28th Feb 17,29th May 18,,3DS
117,Mario Golf: World Tour,Mario Golf: World Tour Read the review,,Nintendo,8.0,8.1,,,02nd May 14,09th Jan 18,,3DS
118,Asphalt 3D,Asphalt 3D Read the review,,Ubisoft,5.1,4.0,,,22nd Mar 11,,,3DS
119,Hyrule Warriors Legends,Hyrule Warriors Legends,,Nintendo,,,,,25th Mar 16,04th Aug 20,,3DS
120,Sonic Lost World,Sonic Lost World,,Sega,,5.2,,,29th Oct 13,07th Apr 18,,3DS
121,Luigi's Mansion,Luigi's Mansion,,Nintendo,,7.3,,,12th Oct 18,03rd Aug 20,,3DS
122,Taiko no Tatsujin: Chibi Dragon to Fushigi na Orb,Taiko no Tatsujin: Chibi Dragon to Fushigi na Orb,,Namco Bandai Games,,,,0.47m,12th Jul 12,08th Jan 18,,3DS
123,Detective Pikachu,Detective Pikachu Read the review,,Nintendo,7.0,7.1,,,23rd Mar 18,12th Jan 18,,3DS
124,Inazuma Eleven Go: Chrono Stone - Wildfire / Thunderflash,Inazuma Eleven Go: Chrono Stone - Wildfire / Thunderflash,,Level 5,,,,,13th Dec 12,31st Aug 18,,3DS
125,Mario Sports Superstars,Mario Sports Superstars,,Nintendo,,6.0,,,24th Mar 17,20th Jan 18,,3DS
126,Attack on Titan: The Last Wings of Mankind,Attack on Titan: The Last Wings of Mankind,,Spike Chunsoft,,,,,05th Dec 13,29th Jan 19,,3DS
127,Art Academy: Lessons for Everyone!,Art Academy: Lessons for Everyone!,,Nintendo,,8.0,,0.45m,01st Oct 12,09th Jan 18,,3DS
128,Style Savvy: Styling Star,Style Savvy: Styling Star,,Nintendo,,8.5,,,25th Dec 17,05th Sep 18,,3DS
129,Shin Megami Tensei: Devil Survivor Overclocked,Shin Megami Tensei: Devil Survivor Overclocked,,Atlus,,7.6,,,23rd Aug 11,14th Jan 18,,3DS
130,Hey! Pikmin,Hey! Pikmin,,Nintendo,,6.8,,,28th Jul 17,03rd Feb 18,,3DS
131,Tetris Axis,Tetris Axis Read the review,,Nintendo,7.5,7.8,,,02nd Oct 11,,,3DS
132,Story of Seasons,Story of Seasons,,Xseed Games,,7.7,,,31st Mar 15,30th Dec 17,,3DS
133,Fossil Fighters: Frontier,Fossil Fighters: Frontier,,Nintendo,,,,,20th Mar 15,16th Jan 18,,3DS
134,LEGO The Lord of the Rings,LEGO The Lord of the Rings,,Warner Bros. Interactive Entertainment,,,,,30th Oct 12,17th Jan 18,,3DS
135,Madden NFL Football,Madden NFL Football,,EA Sports,,4.5,,,22nd Mar 11,,,3DS
136,LEGO Harry Potter: Years 5-7,LEGO Harry Potter: Years 5-7,,Warner Bros. Interactive,,,,,11th Nov 11,17th Jan 18,,3DS
137,Theatrhythm Final Fantasy: Curtain Call,Theatrhythm Final Fantasy: Curtain Call,,Square Enix,,,,,16th Sep 14,29th Jan 19,,3DS
138,Project X Zone,Project X Zone Read the review,,Namco Bandai Games,5.5,6.5,,0.40m,25th Jun 13,17th Jan 18,,3DS
139,Momotaro Dentetsu 2017: Tachiagare Nippon!!,Momotaro Dentetsu 2017: Tachiagare Nippon!!,,Nintendo,,,,,22nd Dec 16,29th May 18,,3DS
140,Combat of Giants: Dinosaurs 3D,Combat of Giants: Dinosaurs 3D,,Ubisoft,,4.3,,,22nd Mar 11,,,3DS
141,FIFA Soccer 12,FIFA Soccer 12 Read the review,,EA Sports,7.4,7.0,,,27th Sep 11,,,3DS
142,One Piece Unlimited World: Red,One Piece Unlimited World: Red Read the review,,Namco Bandai Games,7.0,,,,08th Jul 14,19th Oct 18,,3DS
143,Metal Gear Solid: Snake Eater 3D,Metal Gear Solid: Snake Eater 3D,,Konami Digital Entertainment,,7.9,,,21st Feb 12,05th Aug 18,,3DS
144,Raving Rabbids: Travel in Time 3D,Raving Rabbids: Travel in Time 3D,,Ubisoft,,5.8,,,10th Apr 11,20th Jan 18,,3DS
145,Phoenix Wright: Ace Attorney - Dual Destinies,Phoenix Wright: Ace Attorney - Dual Destinies Read the review,,Unknown,8.8,8.1,,,01st Jan 14,04th Jan 18,,3DS
146,Pro Evolution Soccer 2011 3D,Pro Evolution Soccer 2011 3D,,Konami,,7.5,,,25th Mar 11,,,3DS
147,Hatsune Miku: Project Mirai DX,Hatsune Miku: Project Mirai DX,,Sega,,7.5,,,08th Sep 15,29th May 18,,3DS
148,Minecraft,Minecraft,,Nintendo,,6.7,,,10th Nov 17,05th Aug 18,,3DS
149,Shin Megami Tensei IV: Apocalypse,Shin Megami Tensei IV: Apocalypse,,Atlus,,8.1,,,20th Sep 16,29th May 18,,3DS
150,Sentouchu: Densetsu no Shinobi to Survival Battle!,Sentouchu: Densetsu no Shinobi to Survival Battle!,,Namco Bandai Games,,,,,17th Oct 13,20th Jan 18,,3DS
151,Harvest Moon: The Tale of Two Towns,Harvest Moon: The Tale of Two Towns,,Natsume,,6.3,,,01st Nov 11,07th Jan 18,,3DS
152,Disney Infinity,Disney Infinity,,Disney Interactive Studios,,,,,18th Aug 13,21st Jan 18,,3DS
153,Dragon Ball Z: Extreme Butoden,Dragon Ball Z: Extreme Butoden,,Namco Bandai Games,,5.0,,,20th Oct 15,17th Jan 18,,3DS
154,Lego Legends of Chima: Laval's Journey,Lego Legends of Chima: Laval's Journey,,Warner Bros. Interactive Entertainment,,,,,25th Jun 13,22nd Jan 18,,3DS
155,Angry Birds: Star Wars,Angry Birds: Star Wars,,Activision,,,,,29th Oct 13,20th Jan 18,,3DS
156,Tom Clancy's Ghost Recon: Shadow Wars,Tom Clancy's Ghost Recon: Shadow Wars,,Ubisoft,,7.9,,,22nd Mar 11,,,3DS
157,Skylanders: Trap Team,Skylanders: Trap Team,,Activision,,,,,05th Oct 14,23rd Jan 18,,3DS
158,Dragon Ball Heroes: Ultimate Mission 2,Dragon Ball Heroes: Ultimate Mission 2,,Namco Bandai Games,,,,,07th Aug 14,22nd Jan 18,,3DS
159,Ultimate NES Remix,Ultimate NES Remix Read the review,,Nintendo,7.0,7.0,,,05th Dec 14,29th May 18,,3DS
160,Kirby: Battle Royale,Kirby: Battle Royale,,Nintendo,,6.0,,,19th Jan 18,03rd Jan 18,,3DS
161,Taiko Drum Master: Don and Katsu's Space-Time Great Adventure,Taiko Drum Master: Don and Katsu's Space-Time Great Adventure,,Namco Bandai Games,,,,,26th Jun 14,23rd Jan 18,,3DS
162,Chibi-Robo! Zip Lash,Chibi-Robo! Zip Lash,,Nintendo,,5.5,,,09th Oct 15,14th Jan 18,,3DS
163,Puzzle & Dragons X: God Chapter / Dragon Chapter,Puzzle & Dragons X: God Chapter / Dragon Chapter,,GungHo Online Entertainment,,,,,28th Jul 16,17th Jul 18,,3DS
164,Bust-A-Move Universe,Bust-A-Move Universe,,Square Enix,,5.6,,,27th Mar 11,,,3DS
165,Dead or Alive: Dimensions,Dead or Alive: Dimensions,,Tecmo Koei,,7.8,,0.31m,24th May 11,,,3DS
166,LEGO Ninjago: Shadow of Ronin,LEGO Ninjago: Shadow of Ronin,,Warner Bros. Interactive Entertainment,,,,,24th Mar 15,26th Jan 18,,3DS
167,Tom Clancy's Splinter Cell 3D,Tom Clancy's Splinter Cell 3D,,Ubisoft,,8.0,,,10th Apr 11,,,3DS
168,LEGO Marvel's Avengers,LEGO Marvel's Avengers,,Warner Bros. Interactive Entertainment,,,,,26th Jan 16,06th Apr 18,,3DS
169,Sonic & Sega All-Stars Racing Transformed,Sonic & Sega All-Stars Racing Transformed,,Sega,,,,,12th Feb 13,03rd Dec 18,,3DS
170,FIFA 13,FIFA 13,,EA Sports,,,,,25th Sep 12,06th Apr 18,,3DS
171,Phoenix Wright: Ace Attorney: Spirit of Justice,Phoenix Wright: Ace Attorney: Spirit of Justice,,Capcom,,8.1,,,30th Sep 16,14th Jan 18,,3DS
172,Sonic Boom: Shattered Crystal,Sonic Boom: Shattered Crystal,,Sega,,3.8,,,11th Nov 14,18th Oct 18,,3DS
173,The Legend of Legacy,The Legend of Legacy,,Atlus,,6.0,,,13th Oct 15,29th May 18,,3DS
174,Dragon Ball Heroes: Ultimate Mission,Dragon Ball Heroes: Ultimate Mission,,Namco Bandai Games,,,,,28th Feb 13,03rd Feb 18,,3DS
175,Ever Oasis,Ever Oasis,,Nintendo,,8.1,,,23rd Jun 17,14th Jan 18,,3DS
176,Culdcept,Culdcept,,NIS America,,,,,03rd Oct 17,02nd Apr 18,,3DS
177,WarioWare Gold,WarioWare Gold,,Nintendo,,8.1,,,03rd Aug 18,18th Nov 18,,3DS
178,Moshi Monsters: Moshlings Theme Park,Moshi Monsters: Moshlings Theme Park,,Activision,,,,,30th Oct 12,16th Oct 18,,3DS
179,How to Train Your Dragon 2,How to Train Your Dragon 2,,Little Orbit,,,,,10th Jun 14,03rd Feb 18,,3DS
180,Lego Star Wars: The Force Awakens,Lego Star Wars: The Force Awakens,,Warner Bros. Interactive Entertainment,,,,,28th Jun 16,31st Mar 18,,3DS
181,Etrian Mystery Dungeon,Etrian Mystery Dungeon,,Atlus,,7.6,,,07th Apr 15,26th Jul 18,,3DS
182,Kobitodzukan: Kobito Kansatsu Set,Kobitodzukan: Kobito Kansatsu Set,,Nippon Columbia,,,,,26th Jul 12,02nd Apr 18,,3DS
183,Rhythm Thief & the Emperor's Treasure,Rhythm Thief & the Emperor's Treasure,,Sega,,7.5,,,10th Jul 12,,,3DS
184,Batman: Arkham Origins Blackgate,Batman: Arkham Origins Blackgate,,Warner Bros. Interactive Entertainment,,7.0,,,25th Oct 13,10th Dec 18,,3DS
185,Etrian Odyssey V: Beyond the Myth,Etrian Odyssey V: Beyond the Myth,,Atlus,,7.9,,,17th Oct 17,15th Jan 18,,3DS
186,Brain Age: Concentration Training,Brain Age: Concentration Training,,Nintendo,,7.5,,,10th Feb 13,30th Aug 18,,3DS
187,Skylanders SWAP Force,Skylanders SWAP Force,,Activision,,7.7,,,13th Oct 13,16th Jan 18,,3DS
188,The Snack World: TreJarers,The Snack World: TreJarers,,Level 5,,,,,10th Aug 17,29th May 18,,3DS
189,Aikatsu! 2-nin no My Princess,Aikatsu! 2-nin no My Princess,,Namco Bandai Games,,,,,21st Nov 13,24th Oct 18,,3DS
190,Etrian Odyssey: Millennium Girl,Etrian Odyssey: Millennium Girl,,Atlus,,8.1,,,01st Oct 13,10th Dec 18,,3DS
191,Inazuma Eleven GO 3: Galaxy - Big Bang / Supernova,Inazuma Eleven GO 3: Galaxy - Big Bang / Supernova,,Level 5,,,,,05th Dec 13,31st Aug 18,,3DS
192,Stella Glow,Stella Glow,,Atlus,,7.5,8.0,,17th Nov 15,30th May 18,,3DS
193,Mega Man Legacy Collection,Mega Man Legacy Collection,,Capcom,,,,,23rd Feb 16,29th May 18,,3DS
194,Samurai Warriors Chronicles,Samurai Warriors Chronicles Read the review,,Tecmo Koei,7.8,5.4,,0.26m,27th Mar 11,04th Aug 18,,3DS
195,FIFA 14,FIFA 14,,EA Sports,,,,,24th Sep 13,15th Sep 18,,3DS
196,Zoo Resort 3D,Zoo Resort 3D,,Ubisoft,,,,,25th Oct 11,,,3DS
197,Sonic Boom: Fire & Ice,Sonic Boom: Fire & Ice,,Sega,,6.9,,,27th Sep 16,07th Aug 20,,3DS
198,LEGO The Hobbit,LEGO The Hobbit,,Warner Bros. Interactive Entertainment,,7.0,,,08th Apr 14,15th Mar 18,,3DS
199,Ace Combat: Assault Horizon Legacy,Ace Combat: Assault Horizon Legacy,,Namco Bandai,,7.0,,,15th Nov 11,,,3DS
200,Spirit Camera: The Cursed Memoir,Spirit Camera: The Cursed Memoir Read the review,,Nintendo,6.4,5.7,,,13th Apr 12,30th Aug 18,,3DS
201,Persona Q: Shadow of the Labyrinth,Persona Q: Shadow of the Labyrinth,,Atlus,,8.3,,0.25m,25th Nov 14,07th Jan 18,,3DS
202,Azure Striker Gunvolt,Azure Striker Gunvolt,,Inti Creates,,8.0,,0.25m,29th Aug 14,25th Nov 18,,3DS
203,7th Dragon III Code: VFD,7th Dragon III Code: VFD,,Sega,,7.5,,,12th Jul 16,20th Apr 18,,3DS
204,Dragon Ball Heroes: Ultimate Mission X,Dragon Ball Heroes: Ultimate Mission X,,Namco Bandai Games,,,,,27th Apr 17,,,3DS
205,Wipeout 2,Wipeout 2,,Activision,,,,,11th Oct 11,,,3DS
206,WWE All Stars,WWE All Stars,,THQ,,7.0,,,22nd Nov 11,,,3DS
207,Harvest Moon: The Land of Origin,Harvest Moon: The Land of Origin,,Marvelous,,,,,23rd Feb 12,29th Oct 18,,3DS
208,Cars 2,Cars 2,,Disney Interactive Studios,,,,,01st Nov 11,,,3DS
209,Shinobi,Shinobi Read the review,,Sega,6.5,7.0,,,15th Nov 11,,,3DS
210,Hatsune Miku: Project Mirai 2,Hatsune Miku: Project Mirai 2,,Sega,,,,,26th May 15,29th Oct 18,,3DS
211,Pokémon Gold/Pokémon Silver,Pokémon Gold/Pokémon Silver,,Nintendo,,,,,22nd Sep 17,03rd Aug 18,,3DS
212,Code Name: S.T.E.A.M.,Code Name: S.T.E.A.M.,,Nintendo,,8.0,,,13th Mar 15,04th Jan 19,,3DS
213,Sumikko Gurashi: Mura o Tsukurundesu,Sumikko Gurashi: Mura o Tsukurundesu,,Nippon Columbia,,,,,21st Jul 16,21st Apr 18,,3DS
214,Transformers: Dark of the Moon,Transformers: Dark of the Moon,,Activision,,3.0,,,14th Jun 11,,,3DS
215,Return to PopoloCrois: A Story of Seasons Fairytale,Return to PopoloCrois: A Story of Seasons Fairytale,,Xseed Games,,7.0,,,01st Mar 16,30th May 18,,3DS
216,WipeOut 3 The Game,WipeOut 3 The Game,,Activision,,,,,25th Sep 12,16th Mar 18,,3DS
217,Magician's Quest: Town of Magic,Magician's Quest: Town of Magic,,Konami Digital Entertainment,,,,,20th Dec 12,31st Oct 18,,3DS
218,Radiant Historia: Perfect Chronology,Radiant Historia: Perfect Chronology,,Atlus,,8.1,,,13th Feb 18,01st Mar 18,,3DS
219,Frogger 3D,Frogger 3D,,Konami,,7.0,,,20th Sep 11,,,3DS
220,Tekken 3D: Prime Edition,Tekken 3D: Prime Edition Read the review,,Namco Bandai,7.0,6.5,,,14th Feb 12,,,3DS
221,One Piece Unlimited Cruise SP,One Piece Unlimited Cruise SP,,Namco Bandai,,,,0.21m,,,,3DS
222,The Amazing Spider-Man (2012),The Amazing Spider-Man (2012) Read the review,,Activision,6.0,7.0,,,26th Jun 12,15th Mar 18,,3DS
223,LBX: Little Battlers eXperience,LBX: Little Battlers eXperience,,Nintendo,,7.0,,,21st Aug 15,31st Aug 18,,3DS
224,Dragon Quest Monsters: Joker 3 - Professional,Dragon Quest Monsters: Joker 3 - Professional,,Square Enix,,,,,09th Feb 17,,,3DS
225,Disney Art Academy,Disney Art Academy,,Nintendo,,,,,13th May 16,04th Jan 19,,3DS
226,Code of Princess,Code of Princess Read the review,,Atlus,8.2,7.2,,,09th Oct 12,05th Jan 19,,3DS
227,Skylanders: SuperChargers Racing,Skylanders: SuperChargers Racing,,Activision,,,,,20th Sep 15,06th Apr 18,,3DS
228,Shin Megami Tensei: Strange Journey Redux,Shin Megami Tensei: Strange Journey Redux Read the review,,Atlus,8.0,,,,15th May 18,22nd Jun 18,,3DS
229,Aikatsu! Cinderella Lesson,Aikatsu! Cinderella Lesson,,Namco Bandai Games,,,,,15th Nov 12,03rd Nov 18,,3DS
230,Nascar Unleashed,Nascar Unleashed,,Activision,,,,,01st Nov 11,,,3DS
231,Need for Speed: The Run,Need for Speed: The Run,,Electronic Arts,,,,,15th Nov 11,,,3DS
232,Pac-Man & Galaga Dimensions,Pac-Man & Galaga Dimensions,,Namco Bandai,,5.7,,,26th Jul 11,05th Jan 19,,3DS
233,New Love Plus,New Love Plus,,Konami,,,,,24th Feb 12,,,3DS
234,Pet Zombies,Pet Zombies,,Majesco,,,,,18th Oct 11,,,3DS
235,The Great Ace Attorney - The Adventures of Ryuunosuke Naruhodou,The Great Ace Attorney - The Adventures of Ryuunosuke Naruhodou,,Capcom,,,,,09th Jul 15,03rd Aug 18,,3DS
236,SpongeBob SquigglePants 3D,SpongeBob SquigglePants 3D,,THQ,,6.1,,,17th May 11,,,3DS
237,Kuma-Tomo,Kuma-Tomo,,Namco Bandai Games,,,,,20th Jun 13,03rd Nov 18,,3DS
238,Project X Zone 2,Project X Zone 2,,Namco Bandai Games,,6.6,,,16th Feb 16,14th Jun 18,,3DS
239,Captain Toad: Treasure Tracker,Captain Toad: Treasure Tracker,,Nintendo,,8.5,,,13th Jul 18,18th Nov 18,,3DS
240,Transformers: Prime,Transformers: Prime Read the review,,Activision,3.4,,,,30th Oct 12,06th Jan 19,,3DS
241,Reel Fishing Paradise 3D,Reel Fishing Paradise 3D,,Natsume,,,,,28th Jun 11,,,3DS
242,Pro Evolution Soccer 2014,Pro Evolution Soccer 2014,,Konami Digital Entertainment,,,,,14th Nov 13,02nd Mar 18,,3DS
243,Daigasso! Band Brothers P,Daigasso! Band Brothers P,,Nintendo,,,,,15th Nov 13,30th Aug 18,,3DS
244,Hatsune Miku and Future Stars: Project Mirai,Hatsune Miku and Future Stars: Project Mirai,,Sega,,,,,08th Mar 12,,,3DS
245,Big Hero 6: Battle in the Bay,Big Hero 6: Battle in the Bay,,GameMill,,,,,28th Oct 14,30th Jun 18,,3DS
246,Super Robot Wars UX,Super Robot Wars UX,,Namco Bandai Games,,,,,14th Mar 13,04th Nov 18,,3DS
247,Senran Kagura 2: Deep Crimson,Senran Kagura 2: Deep Crimson,,Marvelous Entertainment,,,,,15th Sep 15,14th Oct 18,,3DS
248,Sumikko Gurashi: Koko ga Ochitsukundesu,Sumikko Gurashi: Koko ga Ochitsukundesu,,Nippon Columbia,,,,,20th Nov 14,,,3DS
249,Pro Evolution Soccer 2013,Pro Evolution Soccer 2013,,Konami Digital Entertainment,,,,,12th Feb 13,12th Jan 18,,3DS
250,Yu-Gi-Oh! Zexal Clash! Duel Carnival!,Yu-Gi-Oh! Zexal Clash! Duel Carnival!,,Konami Digital Entertainment,,,,,30th Sep 14,04th Nov 18,,3DS
1,Mario Kart 8 Deluxe,Mario Kart 8 Deluxe,,Nintendo,,9.3,,71.08m,28th Apr 17,19th Nov 18,,NS
2,Animal Crossing: New Horizons,Animal Crossing: New Horizons Read the review,,Nintendo,8.0,,,49.91m,20th Mar 20,11th Apr 20,,NS
3,Super Smash Bros. Ultimate,Super Smash Bros. Ultimate Read the review,,Nintendo,9.0,9.4,9.7,37.76m,07th Dec 18,02nd Oct 22,,NS
4,The Legend of Zelda: Breath of the Wild,The Legend of Zelda: Breath of the Wild,,Nintendo,,9.9,10.0,33.84m,03rd Mar 17,19th Nov 18,,NS
5,Super Mario Odyssey,Super Mario Odyssey Read the review,,Nintendo,,9.9,,30.50m,27th Oct 17,19th Nov 18,,NS
6,Pokémon Scarlet / Violet,Pokémon Scarlet / Violet Read the review,,Nintendo,7.0,,,28.28m,18th Nov 22,31st May 22,,NS
7,Pokémon Sword / Shield,Pokémon Sword / Shield Read the review,,Nintendo,7.0,,,27.16m,15th Nov 19,21st Nov 19,,NS
8,The Legend of Zelda: Tears of the Kingdom,The Legend of Zelda: Tears of the Kingdom Read the review,,Nintendo,9.5,,8.6,22.56m,12th May 23,13th Sep 22,,NS
9,Super Mario Party,Super Mario Party Read the review,,Nintendo,7.0,7.3,,21.32m,05th Oct 18,19th Nov 18,,NS
10,New Super Mario Bros. U Deluxe,New Super Mario Bros. U Deluxe,,Nintendo,,,6.6,18.96m,11th Jan 19,02nd Aug 20,,NS
11,Nintendo Switch Sports,Nintendo Switch Sports Read the review,,Nintendo,3.0,,,18.32m,29th Apr 22,09th Feb 22,,NS
12,Super Mario Bros. Wonder,Super Mario Bros. Wonder Read the review,,Nintendo,8.5,,9.5,17.44m,20th Oct 23,21st Jun 23,,NS
13,Ring Fit Adventure,Ring Fit Adventure,,Nintendo,,,,15.38m,18th Oct 19,18th Oct 19,,NS
14,"Pokémon: Let's Go, Pikachu/Eevee","Pokémon: Let's Go, Pikachu/Eevee Read the review",,Nintendo,8.0,,,15.07m,16th Nov 18,31st Jan 19,,NS
15,Pokémon Brilliant Diamond / Shining Pearl,Pokémon Brilliant Diamond / Shining Pearl Read the review,,Nintendo,2.5,,,15.06m,19th Nov 21,26th Feb 21,,NS
16,Pokémon Legends: Arceus,Pokémon Legends: Arceus Read the review,,Nintendo,8.0,,,14.83m,28th Jan 22,26th Feb 21,,NS
17,Luigi's Mansion 3,Luigi's Mansion 3 Read the review,,Nintendo,6.0,,,14.25m,31st Oct 19,03rd Aug 20,,NS
18,Mario Party Superstars,Mario Party Superstars Read the review,,Nintendo,8.0,,,14.00m,29th Oct 21,15th Jun 21,,NS
19,Splatoon 2,Splatoon 2,,Nintendo,,8.2,,13.60m,21st Jul 17,19th Nov 18,,NS
20,Super Mario 3D World + Bowser's Fury,Super Mario 3D World + Bowser's Fury Read the review,,Nintendo,,,,13.47m,12th Feb 21,03rd Sep 20,,NS
21,Splatoon 3,Splatoon 3 Read the review,,Nintendo,8.5,,,11.96m,09th Sep 22,17th Feb 21,,NS
22,Super Mario Party Jamboree,Super Mario Party Jamboree,,Nintendo,,,,9.96m,17th Oct 24,19th Jun 24,,NS
23,Super Mario 3D All-Stars,Super Mario 3D All-Stars Read the review,,Nintendo,7.0,,,9.07m,18th Sep 20,04th Sep 20,,NS
24,Pokémon Legends Z-A,Pokémon Legends Z-A,,Nintendo,,,,8.85m,16th Oct 25,27th Feb 24,,NS
25,Super Mario Maker 2,Super Mario Maker 2,,Nintendo,,,,8.42m,28th Jun 19,24th Apr 19,,NS
26,Stardew Valley,Stardew Valley,,Chucklefish,,9.0,,7.90m,05th Oct 17,11th Feb 19,,NS
27,Monster Hunter Rise,Monster Hunter Rise Read the review,,Capcom,7.0,,,7.70m,26th Mar 21,25th Aug 22,,NS
28,Kirby and the Forgotten Land,Kirby and the Forgotten Land Read the review,,Nintendo,8.0,,,7.52m,25th Mar 22,15th Jan 22,,NS
29,The Legend of Zelda: Link's Awakening,The Legend of Zelda: Link's Awakening Read the review,,Nintendo,8.0,,10.0,6.46m,20th Sep 19,11th Jun 19,,NS
30,Clubhouse Games: 51 Worldwide Classics,Clubhouse Games: 51 Worldwide Classics Read the review,,Nintendo,8.0,,,4.64m,05th Jun 20,07th Apr 20,,NS
31,Donkey Kong Country: Tropical Freeze,Donkey Kong Country: Tropical Freeze Read the review,,Nintendo,7.0,9.1,9.1,4.62m,04th May 18,02nd Aug 20,,NS
32,Mario Tennis Aces,Mario Tennis Aces Read the review,,Nintendo,7.0,7.8,,4.50m,22nd Jun 18,14th Jun 18,,NS
33,Kirby Star Allies,Kirby Star Allies Read the review,,Nintendo,7.0,8.1,10.0,4.38m,16th Mar 18,14th Mar 18,,NS
34,The Legend of Zelda: Skyward Sword HD,The Legend of Zelda: Skyward Sword HD Read the review,,Nintendo,,,6.0,4.15m,16th Jul 21,18th Feb 21,,NS
35,Fire Emblem: Three Houses,Fire Emblem: Three Houses Read the review,,Nintendo,8.0,,10.0,4.12m,26th Jul 19,11th Jun 19,,NS
36,The Legend of Zelda: Echoes of Wisdom,The Legend of Zelda: Echoes of Wisdom Read the review,,Nintendo,7.5,,,4.09m,26th Sep 24,19th Jun 24,,NS
37,"Momotaro Dentetsu: Showa, Heisei, Reiwa Mo Teiban!","Momotaro Dentetsu: Showa, Heisei, Reiwa Mo Teiban!",,Konami,,,,4.00m,19th Nov 20,24th Nov 20,,NS
38,Hyrule Warriors: Age of Calamity,Hyrule Warriors: Age of Calamity Read the review,,Nintendo,5.0,9.0,,4.00m,20th Nov 20,12th Sep 20,,NS
39,Pokémon FireRed Version / LeafGreen Version,Pokémon FireRed Version / LeafGreen Version,,Nintendo,,,,4.00m,27th Feb 26,08th May 26,,NS
40,Tomodachi Life: Living the Dream,Tomodachi Life: Living the Dream,,Nintendo,,,,3.80m,16th Apr 26,22nd Sep 25,,NS
41,1-2-Switch,1-2-Switch,,Nintendo,,5.7,,3.74m,03rd Mar 17,19th Nov 18,,NS
42,Pikmin 4,Pikmin 4 Read the review,,Nintendo,7.5,,,3.48m,21st Jul 23,13th Sep 22,,NS
43,Paper Mario: The Origami King,Paper Mario: The Origami King Read the review,,Nintendo,8.0,,9.0,3.47m,17th Jul 20,01st Aug 20,,NS
44,Yoshi's Crafted World,Yoshi's Crafted World Read the review,,Nintendo,8.0,7.8,,3.35m,29th Mar 19,22nd Mar 19,,NS
45,Super Mario RPG,Super Mario RPG Read the review,,Nintendo,8.0,,,3.31m,17th Nov 23,21st Jun 23,,NS
46,Metroid Dread,Metroid Dread Read the review,,Nintendo,9.0,,,3.04m,08th Oct 21,15th Jun 21,,NS
47,Super Mario Galaxy 2,Super Mario Galaxy 2,,Nintendo,,,,2.76m,02nd Oct 25,03rd Feb 26,,NS
48,ARMS,ARMS,,Nintendo,,7.9,,2.72m,16th Jun 17,19th Nov 18,,NS
49,Xenoblade Chronicles 2,Xenoblade Chronicles 2,,Nintendo,,8.2,9.2,2.70m,01st Dec 17,01st Jan 18,,NS
50,Super Mario Galaxy,Super Mario Galaxy,,Nintendo,,,,2.60m,02nd Oct 25,03rd Feb 26,,NS
51,Mario Strikers: Battle League,Mario Strikers: Battle League Read the review,,Nintendo,5.5,,,2.54m,10th Jun 22,09th Feb 22,,NS
52,Mario Golf: Super Rush,Mario Golf: Super Rush Read the review,,Nintendo,5.0,,,2.48m,25th Jun 21,17th Feb 21,,NS
53,Dragon Ball FighterZ,Dragon Ball FighterZ,,Bandai Namco Entertainment,,9.0,,2.43m,28th Sep 18,12th Jun 18,,NS
54,New Pokémon Snap,New Pokémon Snap,,Nintendo,,,,2.40m,30th Apr 21,17th Jun 20,,NS
55,Pikmin 3 Deluxe,Pikmin 3 Deluxe,,Nintendo,,,,2.40m,30th Oct 20,05th Aug 20,,NS
56,Captain Toad: Treasure Tracker,Captain Toad: Treasure Tracker,,Nintendo,,8.1,,2.35m,13th Jul 18,18th Nov 18,,NS
57,Taiko no Tatsujin: Drum 'n' Fun!,Taiko no Tatsujin: Drum 'n' Fun!,,Bandai Namco Games,,7.5,,2.24m,02nd Nov 18,25th Aug 18,,NS
58,Paper Mario: The Thousand-Year Door,Paper Mario: The Thousand-Year Door,,Nintendo,,,,2.10m,23rd May 24,14th Sep 23,,NS
59,Mario + Rabbids: Kingdom Battle,Mario + Rabbids: Kingdom Battle Read the review,,Ubisoft,,8.3,,2.00m,29th Aug 17,24th Jan 18,,NS
60,Pokémon Mystery Dungeon: Rescue Team DX,Pokémon Mystery Dungeon: Rescue Team DX,,Nintendo,,,7.0,1.99m,06th Mar 20,05th Aug 20,,NS
61,Mario & Luigi: Brothership,Mario & Luigi: Brothership,,Nintendo,,,,1.97m,07th Nov 24,19th Jun 24,,NS
62,Big Brain Academy: Brain vs. Brain,Big Brain Academy: Brain vs. Brain,,Nintendo,,,,1.94m,03rd Dec 21,11th Sep 21,,NS
63,Octopath Traveler,Octopath Traveler Read the review,,Nintendo,9.0,8.1,,1.90m,13th Jul 18,02nd Oct 18,,NS
64,Minecraft,Minecraft,,Mojang,,9.2,,,21st Jun 18,26th Jan 19,,NS
65,Xenoblade Chronicles: Definitive Edition,Xenoblade Chronicles: Definitive Edition Read the review,,Nintendo,7.5,,,1.88m,29th May 20,11th May 20,,NS
66,Luigi's Mansion 2 HD,Luigi's Mansion 2 HD,,Nintendo,,,,1.88m,27th Jun 24,14th Sep 23,,NS
67,Xenoblade Chronicles 3,Xenoblade Chronicles 3 Read the review,,Nintendo,9.0,,,1.86m,29th Jul 22,09th Feb 22,,NS
68,Dragon Ball: Xenoverse 2,Dragon Ball: Xenoverse 2,,Namco Bandai Games,,8.0,,1.82m,22nd Sep 17,01st Jan 18,,NS
69,Miitopia,Miitopia,,Nintendo,,,,1.79m,21st May 21,18th Feb 21,,NS
70,Mario Kart Live: Home Circuit,Mario Kart Live: Home Circuit,,Nintendo,,,,1.73m,16th Oct 20,03rd Sep 20,,NS
71,Fire Emblem Engage,Fire Emblem Engage Read the review,,Nintendo,8.5,,9.0,1.61m,20th Jan 23,13th Sep 22,,NS
72,Resident Evil: Revelations Collection,Resident Evil: Revelations Collection,,Capcom,,,,1.60m,28th Nov 17,15th Mar 18,,NS
73,Marvel Ultimate Alliance 3: The Black Order,Marvel Ultimate Alliance 3: The Black Order,,Nintendo,,,,1.60m,19th Jul 19,12th Jun 19,,NS
74,Momotaro Dentetsu World: Chikyuu wa Kibou de Mawatteru!,Momotaro Dentetsu World: Chikyuu wa Kibou de Mawatteru!,,Konami,,,,1.50m,16th Nov 23,28th Dec 23,,NS
75,Kirby's Return to Dream Land Deluxe,Kirby's Return to Dream Land Deluxe Read the review,,Nintendo,,,,1.46m,24th Feb 23,13th Sep 22,,NS
76,Nintendo Labo: Toy-Con 01 Variety Kit,Nintendo Labo: Toy-Con 01 Variety Kit,,Nintendo,,7.7,,1.42m,20th Apr 18,19th Nov 18,,NS
77,The Witcher 3: Complete Edition,The Witcher 3: Complete Edition,,CD Projekt Red Studio,,,,1.40m,15th Oct 19,11th Jun 19,,NS
78,WarioWare: Get It Together!,WarioWare: Get It Together!,,Nintendo,,,,1.34m,10th Sep 21,16th Jun 21,,NS
79,Astral Chain,Astral Chain,,Nintendo,,,,1.33m,30th Aug 19,12th Jun 19,,NS
80,Dragon's Dogma: Dark Arisen,Dragon's Dogma: Dark Arisen,,Capcom,,,,1.30m,23rd Apr 19,22nd Mar 19,,NS
81,Princess Peach: Showtime!,Princess Peach: Showtime!,,Nintendo,,,,1.30m,22nd Mar 23,14th Sep 23,,NS
82,Dr Kawashima's Brain Training for Nintendo Switch,Dr Kawashima's Brain Training for Nintendo Switch,,Nintendo,,,,1.27m,03rd Jan 20,10th Jan 20,,NS
83,Donkey Kong Country Returns HD,Donkey Kong Country Returns HD Read the review,,Nintendo,,,,1.27m,16th Jan 25,19th Jun 24,,NS
84,Naruto Shippuden: Ultimate Ninja Storm Trilogy,Naruto Shippuden: Ultimate Ninja Storm Trilogy,,Bandai Namco Entertainment,,7.5,,1.26m,26th Apr 18,20th May 18,,NS
85,Bayonetta,Bayonetta,,Nintendo,,,,1.24m,16th Feb 18,02nd Aug 20,,NS
86,Bayonetta 2,Bayonetta 2,,Nintendo,,9.5,,1.23m,16th Feb 18,17th Apr 18,,NS
87,Resident Evil 6,Resident Evil 6,,Capcom,,,,1.20m,29th Oct 19,16th Jun 19,,NS
88,Pokken Tournament DX,Pokken Tournament DX,,Nintendo,,8.0,,1.16m,22nd Sep 17,01st Jan 18,,NS
89,The Elder Scrolls V: Skyrim,The Elder Scrolls V: Skyrim,,Bethesda Softworks,,8.6,9.1,,17th Nov 17,01st Jan 18,,NS
90,Game Builder Garage,Game Builder Garage,,Nintendo,,,,1.15m,11th Jun 21,01st Aug 21,,NS
91,Dark Souls: Remastered,Dark Souls: Remastered,,Bandai Namco Entertainment,,8.8,9.0,1.15m,19th Oct 18,05th Jun 18,,NS
92,Mario vs. Donkey Kong,Mario vs. Donkey Kong,,Nintendo,,,,1.12m,16th Feb 24,14th Sep 23,,NS
93,Crash Bandicoot N. Sane Trilogy,Crash Bandicoot N. Sane Trilogy,,Activision,,6.0,,,29th Jun 18,07th Nov 18,,NS
94,Resident Evil 4,Resident Evil 4,,Capcom,,,,1.10m,21st May 19,03rd Apr 19,,NS
95,Shin Megami Tensei V,Shin Megami Tensei V Read the review,,Sega,8.0,,,1.10m,11th Nov 21,08th Dec 21,,NS
96,FIFA 18,FIFA 18,,EA Sports,,5.8,9.1,,29th Sep 17,02nd Apr 18,,NS
97,Metroid Prime Remastered,Metroid Prime Remastered Read the review,,Nintendo,,,,1.09m,08th Feb 23,09th Feb 23,,NS
98,Bayonetta 3,Bayonetta 3 Read the review,,Nintendo,7.5,,,1.07m,28th Oct 22,31st Dec 17,,NS
99,Fire Emblem Warriors: Three Hopes,Fire Emblem Warriors: Three Hopes Read the review,,Nintendo,6.0,,,1.00m,24th Jun 22,09th Feb 22,,NS
100,Dragon Quest Monsters: The Dark Prince,Dragon Quest Monsters: The Dark Prince,,Square Enix,,,,1.00m,01st Dec 23,21st Jun 23,,NS
101,Story of Seasons: Pioneers of Olive Town,Story of Seasons: Pioneers of Olive Town Read the review,,Marvelous,6.5,,,1.00m,26th Mar 21,10th Feb 21,,NS
102,Puyo Puyo Tetris,Puyo Puyo Tetris Read the review,,Sega,,8.3,,1.00m,25th Apr 17,04th Jul 18,,NS
103,Fitness Boxing 2: Rhythm & Exercise,Fitness Boxing 2: Rhythm & Exercise,,Nintendo,,,,1.00m,04th Dec 20,17th Apr 22,,NS
104,Fitness Boxing,Fitness Boxing,,Nintendo,,7.0,,1.00m,04th Jan 19,14th Jan 21,,NS
105,Thief Simulator,Thief Simulator,,Forever Entertainment S.A.,,,,1.00m,16th May 19,16th Jul 21,,NS
106,Enter the Gungeon,Enter the Gungeon,,Devolver Digital,,,8.4,1.00m,14th Dec 17,04th Feb 18,,NS
107,Bravely Default II,Bravely Default II Read the review,,Nintendo,7.5,,,0.95m,26th Feb 21,17th Dec 19,,NS
108,Mario & Sonic at the Tokyo 2020 Olympic Games,Mario & Sonic at the Tokyo 2020 Olympic Games Read the review,,Sega,7.0,,,0.90m,05th Nov 19,12th Jun 19,,NS
109,Super Bomberman R,Super Bomberman R,,Konami Digital Entertainment,,6.3,,,03rd Mar 17,24th Mar 18,,NS
110,Triangle Strategy,Triangle Strategy Read the review,,Nintendo,7.5,,,0.80m,04th Mar 22,08th Apr 22,,NS
111,Just Dance 2019,Just Dance 2019,,Ubisoft,,,,,23rd Oct 18,28th Sep 18,,NS
112,Just Dance 2018,Just Dance 2018,,Ubisoft,,8.0,,,24th Oct 17,06th Apr 18,,NS
113,FIFA 19,FIFA 19,,Electronic Arts,,5.9,,,28th Sep 18,12th Sep 18,,NS
114,Sonic Forces,Sonic Forces,,Sega,,5.4,,,07th Nov 17,11th Feb 18,,NS
115,Monster Hunter Generations Ultimate,Monster Hunter Generations Ultimate Read the review,,Capcom,4.0,7.7,,,28th Aug 18,30th Aug 18,,NS
116,Fortnite,Fortnite,,Warner Bros. Interactive Entertainment,,8.5,,,16th Nov 18,18th Jun 18,,NS
117,Rayman Legends,Rayman Legends,,Ubisoft,,4.5,,,12th Sep 17,02nd Jan 19,,NS
118,Diablo III: Eternal Collection,Diablo III: Eternal Collection Read the review,,Blizzard Entertainment,8.0,9.0,,,02nd Nov 18,13th Sep 18,,NS
119,LEGO Marvel Super Heroes 2,LEGO Marvel Super Heroes 2,,Warner Bros. Interactive Entertainment,,,,,14th Nov 17,11th Feb 18,,NS
120,LEGO City Undercover,LEGO City Undercover,,Warner Bros. Interactive Entertainment,,8.0,,,04th Apr 17,24th Feb 18,,NS
121,LEGO The Incredibles,LEGO The Incredibles,,Warner Bros. Interactive Entertainment,,6.5,,,15th Jun 18,06th Nov 18,,NS
122,LEGO Worlds,LEGO Worlds,,Warner Bros. Interactive Entertainment,,5.0,,,05th Sep 17,25th Feb 18,,NS
123,Ultra Street Fighter II: The Final Challengers,Ultra Street Fighter II: The Final Challengers,,Capcom,,7.0,,,26th May 17,04th Jan 18,,NS
124,Starlink: Battle for Atlas,Starlink: Battle for Atlas,,Ubisoft,,7.5,6.0,,16th Oct 18,22nd Mar 19,,NS
125,Fire Emblem Warriors,Fire Emblem Warriors,,Nintendo,,7.3,9.6,,20th Oct 17,03rd Aug 20,,NS
126,Rune Factory 5,Rune Factory 5 Read the review,,Marvelous Entertainment,7.0,,,0.50m,22nd Mar 22,13th Feb 19,,NS
127,Live A Live,Live A Live,,Nintendo,,,,0.50m,22nd Jul 22,02nd Sep 22,,NS
128,Fishing Spirits,Fishing Spirits,,Bandai Namco Games,,,,0.50m,25th Jul 19,08th Jul 20,,NS
129,Sonic Mania,Sonic Mania,,Sega,,8.8,,,15th Aug 17,23rd Dec 17,,NS
130,Minecraft: Story Mode - The Complete Adventure,Minecraft: Story Mode - The Complete Adventure,,Telltale Games,,,,,22nd Aug 17,07th Aug 18,,NS
131,Hyrule Warriors: Definitive Edition,Hyrule Warriors: Definitive Edition Read the review,,Nintendo,7.0,8.0,,,18th May 18,30th Dec 19,,NS
132,L.A. Noire,L.A. Noire,,Rockstar Games,,7.9,8.0,,14th Nov 17,19th Jun 18,,NS
133,LEGO DC Super-Villains,LEGO DC Super-Villains,,Warner Bros. Interactive Entertainment,,7.8,,,16th Oct 18,04th Jun 18,,NS
134,NBA 2K18,NBA 2K18,,2K Sports,,7.5,,,19th Sep 17,05th Jan 18,,NS
135,Doom (2016),Doom (2016),,Bethesda Softworks,,8.2,9.1,,10th Nov 17,05th Jan 18,,NS
136,Nintendo Labo: Toy-Con 03 Vehicle Kit,Nintendo Labo: Toy-Con 03 Vehicle Kit,,Nintendo,,7.0,,,14th Sep 18,19th Nov 18,,NS
137,Rocket League,Rocket League,,505 Games,,9.2,,,16th Jan 18,04th Apr 18,,NS
138,The Lego Ninjago Movie Videogame,The Lego Ninjago Movie Videogame,,Warner Bros. Interactive Entertainment,,,,,22nd Sep 17,29th May 18,,NS
139,Go Vacation,Go Vacation,,Nintendo,,,,,27th Jul 18,30th Mar 19,,NS
140,Shovel Knight,Shovel Knight,,Yacht Club Games,,9.0,,0.37m,09th Apr 19,28th Jan 19,,NS
141,Nintendo Labo: Toy-Con 02 Robot Kit,Nintendo Labo: Toy-Con 02 Robot Kit,,Nintendo,,7.0,,,20th Apr 18,18th Nov 18,,NS
142,Mega Man 11,Mega Man 11,,Capcom,,8.0,,,02nd Oct 18,12th Sep 18,,NS
143,LEGO Harry Potter Collection,LEGO Harry Potter Collection Read the review,,Warner Bros. Interactive Entertainment,6.0,,,,30th Oct 18,27th Oct 18,,NS
144,Cars 3: Driven to Win,Cars 3: Driven to Win,,Warner Bros. Interactive Entertainment,,,,,13th Jun 17,25th Feb 18,,NS
145,Warriors Orochi 4,Warriors Orochi 4,,Koei Tecmo,,8.5,,0.31m,16th Oct 18,11th Nov 18,,NS
146,Monopoly for Nintendo Switch,Monopoly for Nintendo Switch,,Ubisoft,,5.3,,,31st Oct 17,28th Jan 19,,NS
147,NBA 2K19,NBA 2K19,,2K Sports,,,,,11th Sep 18,08th Jun 18,,NS
148,Bloodstained: Curse of the Moon,Bloodstained: Curse of the Moon Read the review,,Inti Creates,7.0,,,0.30m,24th May 18,05th Jun 18,,NS
149,Master Detective Archives: Rain Code,Master Detective Archives: Rain Code,,Spike Chunsoft,,,,0.30m,30th Jun 23,04th Aug 23,,NS
150,Just Dance 2017,Just Dance 2017,,Ubisoft,,6.5,,,03rd Mar 17,06th Apr 18,,NS
151,Overcooked! 2,Overcooked! 2 Read the review,,Sold Out,8.0,8.4,,,07th Aug 18,14th Jun 18,,NS
152,The Binding of Isaac: Afterbirth+,The Binding of Isaac: Afterbirth+,,Nicalis,,9.0,,,17th Mar 17,18th Jan 18,,NS
153,Carnival Games,Carnival Games,,2K Games,,,,,06th Nov 18,22nd Sep 18,,NS
154,The World Ends with You: Final Remix,The World Ends with You: Final Remix,,Nintendo,,7.4,,,12th Oct 18,30th Mar 19,,NS
155,My Hero One's Justice,My Hero One's Justice,,Bandai Namco Entertainment,,,,,26th Oct 18,12th Sep 18,,NS
156,Mega Man Legacy Collection 1+2,Mega Man Legacy Collection 1+2,,Capcom,,8.5,,,22nd May 18,04th Jul 18,,NS
157,Sid Meier's Civilization VI,Sid Meier's Civilization VI,,2K Games,,9.4,,,16th Nov 18,19th Dec 18,,NS
158,Hollow Knight,Hollow Knight,,Team Cherry,,,10.0,0.25m,12th Jun 18,01st Dec 18,,NS
159,Kamiko,Kamiko,,Flyhigh Works,,,,0.25m,27th Apr 17,16th Jan 18,,NS
160,Hello Neighbor,Hello Neighbor,,Gearbox Software,,,,,27th Jul 18,06th Nov 18,,NS
161,WWE 2K18,WWE 2K18,,2K Sports,,,,,05th Dec 17,,,NS
162,Attack on Titan 2,Attack on Titan 2,,Koei Tecmo,,7.0,,,20th Mar 18,30th Mar 18,,NS
163,Skylanders Imaginators,Skylanders Imaginators,,Activision,,6.9,,,03rd Mar 17,26th Mar 18,,NS
164,Dragon Quest Builders: Revive Alefgard,Dragon Quest Builders: Revive Alefgard,,Square Enix,,8.0,,,09th Feb 18,04th Feb 18,,NS
165,Fate/Extella: The Umbral Star,Fate/Extella: The Umbral Star,,Xseed Games,,8.0,,,25th Jul 17,02nd Jan 18,,NS
166,Disgaea 5 Complete,Disgaea 5 Complete,,NIS America,,9.0,,0.20m,23rd May 17,25th Feb 18,,NS
167,Shiren the Wanderer: The Mystery Dungeon of Serpentcoil Island,Shiren the Wanderer: The Mystery Dungeon of Serpentcoil Island Read the review,,Spike Chunsoft,8.0,,,0.20m,27th Feb 24,15th Jan 24,,NS
168,Valkyria Chronicles 4,Valkyria Chronicles 4,,Sega,,8.6,,,25th Sep 18,11th Sep 18,,NS
169,Street Fighter 30th Anniversary Collection,Street Fighter 30th Anniversary Collection,,Capcom,,8.5,,,29th May 18,07th Nov 18,,NS
170,Sega Genesis Classics,Sega Genesis Classics,,Sega,,,,,07th Dec 18,22nd Sep 18,,NS
171,Bendy and the Ink Machine,Bendy and the Ink Machine,,Rooster Teeth Games,,,,,20th Nov 18,19th Dec 18,,NS
172,Katamari Damacy Reroll,Katamari Damacy Reroll,,Bandai Namco Entertainment,,8.8,,,07th Dec 18,13th Sep 18,,NS
173,Axiom Verge,Axiom Verge,,Thomas Happ Games,,7.5,,,21st Nov 17,12th Jan 18,,NS
174,Sports Party,Sports Party,,Ubisoft,,,,,30th Oct 18,02nd Nov 18,,NS
175,Harvest Moon: Light of Hope,Harvest Moon: Light of Hope,,Natsume,,,,,29th May 18,14th Jun 18,,NS
176,Xenoblade Chronicles 2: Torna ~ The Golden Country,Xenoblade Chronicles 2: Torna ~ The Golden Country,,Nintendo,,7.5,,,21st Sep 18,26th Sep 18,,NS
177,Cave Story+,Cave Story+,,Nicalis,,,,,20th Jun 17,,,NS
178,Moonlighter,Moonlighter Read the review,,Merge Games,7.0,8.3,,0.15m,09th Nov 18,22nd Feb 19,,NS
179,Hatsune Miku: Project Diva MegaMix,Hatsune Miku: Project Diva MegaMix Read the review,,Sega,7.0,,,0.15m,15th May 20,24th Jan 20,,NS
180,RiME,RiME,,Grey Box,,4.5,,,21st Nov 17,11th Aug 18,,NS
181,Gear.Club Unlimited,Gear.Club Unlimited,,Microids,,6.1,,,21st Nov 17,07th Jan 18,,NS
182,Has-Been Heroes,Has-Been Heroes,,GameTrust,,4.8,,,28th Mar 17,,,NS
183,Dragon Quest Builders 2,Dragon Quest Builders 2,,Square Enix,,,,,12th Jul 19,06th Apr 19,,NS
184,South Park: The Fractured But Whole,South Park: The Fractured But Whole,,Ubisoft,,9.5,9.5,,24th Apr 18,06th Apr 18,,NS
185,NBA 2K Playgrounds 2,NBA 2K Playgrounds 2,,2K Games,,,,,09th Nov 18,11th Sep 18,,NS
186,Nickelodeon Kart Racers,Nickelodeon Kart Racers,,GameMill Entertainment,,2.0,,,23rd Oct 18,21st Sep 20,,NS
187,R.B.I. Baseball 18,R.B.I. Baseball 18,,MLB Advanced Media,,,,,20th Mar 18,20th Jan 18,,NS
188,Goosebumps: The Game,Goosebumps: The Game,,GameMill Entertainment,,,,,09th Oct 18,14th Jun 18,,NS
189,Paw Patrol on a Roll,Paw Patrol on a Roll,,Outright Games,,,,,23rd Oct 18,07th Aug 18,,NS
190,Little Dragons Café,Little Dragons Café,,Aksys Games,,7.0,,,24th Aug 18,26th Sep 18,,NS
191,Farming Simulator 17,Farming Simulator 17,,Focus Home Interactive,,,,,07th Nov 17,06th Jan 18,,NS
192,Shantae: Half-Genie Hero,Shantae: Half-Genie Hero Read the review,,Xseed Games,7.0,,,,08th May 18,30th Dec 18,,NS
193,Batman: A Telltale Game Series,Batman: A Telltale Game Series,,Telltale Games,,,,,14th Nov 17,05th Jan 18,,NS
194,"Snipperclips Plus: Cut It Out, Together!","Snipperclips Plus: Cut It Out, Together!",,Nintendo,,8.2,8.5,,03rd Mar 17,31st Mar 18,,NS
195,Pro Yakyuu Famista Evolution,Pro Yakyuu Famista Evolution,,Bandai Namco Games,,,,,02nd Aug 18,26th Aug 18,,NS
196,The Snack World: Trejarers Gold,The Snack World: Trejarers Gold,,Level 5,,,,,14th Feb 20,09th Dec 19,,NS
197,Payday 2,Payday 2,,505 Games,,5.0,,,27th Feb 18,08th Jan 18,,NS
198,Party Planet,Party Planet,,Mastiff,,,,,12th Dec 17,09th Feb 19,,NS
199,Dead Cells,Dead Cells Read the review,,Merge Games,7.0,9.3,,,15th Aug 18,06th Aug 18,,NS
200,Namco Museum Arcade Pac,Namco Museum Arcade Pac,,Bandai Namco Entertainment,,7.8,,,28th Sep 18,11th Feb 19,,NS
201,Wolfenstein II: The New Colossus,Wolfenstein II: The New Colossus,,Bethesda Softworks,,8.3,,,29th Jun 18,28th Jul 18,,NS
202,Overcooked Special Edition,Overcooked Special Edition,,Team 17,,8.4,,,13th Feb 18,08th Jan 18,,NS
203,Ys VIII: Lacrimosa of Dana,Ys VIII: Lacrimosa of Dana,,NIS America,,8.5,6.7,,26th Jun 18,11th Jan 18,,NS
204,Troll and I,Troll and I,,Maximum Games,,,,,15th Aug 17,20th Aug 18,,NS
205,Sumikko Gurashi: Sumikko Park e Youkoso,Sumikko Gurashi: Sumikko Park e Youkoso,,Nippon Columbia,,,,,07th Dec 17,07th Jan 18,,NS
206,Dragon Quest Heroes I & II for Nintendo Switch,Dragon Quest Heroes I & II for Nintendo Switch,,Square Enix,,,,,03rd Mar 17,13th Jan 18,,NS
207,Mutant Football League: Dynasty Edition,Mutant Football League: Dynasty Edition,,Nighthawk Interactive,,,,,30th Oct 18,08th Nov 18,,NS
208,Shining Resonance Refrain,Shining Resonance Refrain Read the review,,Sega,6.0,,,,10th Jul 18,15th Sep 18,,NS
209,MXGP 3: The Official Motocross Videogame,MXGP 3: The Official Motocross Videogame,,Milestone S.r.l.,,,,,17th Nov 17,25th Jun 18,,NS
210,Cartoon Network: Battle Crashers,Cartoon Network: Battle Crashers,,GameMill Entertainment,,,,,31st Oct 17,25th Sep 20,,NS
211,Ben 10 (2017),Ben 10 (2017),,Outright Games,,,,,14th Nov 17,21st Jan 19,,NS
212,R.B.I. Baseball 2017,R.B.I. Baseball 2017,,MLB.com,,,,,05th Sep 17,,,NS
213,Monster Jam: Crush It,Monster Jam: Crush It,,GameMill,,,,,31st Oct 17,,,NS
214,ARK: Survival Evolved,ARK: Survival Evolved,,Studio Wildcard,,4.0,,,30th Nov 18,22nd Sep 18,,NS
215,Seiken Densetsu Collection,Seiken Densetsu Collection,,Square Enix,,,,,01st Jun 17,,,NS
216,Bass Pro Shops: The Strike - Championship Edition,Bass Pro Shops: The Strike - Championship Edition,,Planet Entertainment,,,,,09th Nov 18,11th Sep 18,,NS
217,Poi,Poi,,Polykid,,5.0,,,01st Feb 17,15th Feb 19,,NS
218,One Piece: Unlimited World Red Deluxe Edition,One Piece: Unlimited World Red Deluxe Edition,,Namco Bandai Games,,,,,29th Sep 17,08th Jan 18,,NS
219,Wild Guns Reloaded,Wild Guns Reloaded,,Natsume,,,,,17th Apr 18,16th Feb 19,,NS
220,Cabela's The Hunt: Championship Edition Bundle,Cabela's The Hunt: Championship Edition Bundle,,Planet Entertainment,,,,,09th Nov 18,11th Sep 18,,NS
221,Sushi Striker: The Way of Sushido,Sushi Striker: The Way of Sushido,,Nintendo,,7.9,,,08th Jun 18,23rd Jul 20,,NS
222,Hello Neighbor: Hide & Seek,Hello Neighbor: Hide & Seek,,Gearbox Software,,,,,07th Dec 18,22nd Sep 18,,NS
223,BlazBlue: Cross Tag Battle,BlazBlue: Cross Tag Battle,,Arc System Works,,8.0,,,05th Jun 18,06th Jun 18,,NS
224,Scribblenauts: Showdown,Scribblenauts: Showdown,,Warner Bros. Interactive,,,,,06th Mar 18,03rd Apr 18,,NS
225,Nights of Azure 2: Bride of the New Moon,Nights of Azure 2: Bride of the New Moon,,Tecmo Koei,,,,,24th Oct 17,06th Sep 18,,NS
226,America's Greatest Game Shows: Wheel of Fortune and Jeopardy!,America's Greatest Game Shows: Wheel of Fortune and Jeopardy!,,Ubisoft,,,,,30th Oct 18,16th Feb 19,,NS
227,Ittle Dew 2+,Ittle Dew 2+ Read the review,,Nicalis,,,,,14th Nov 17,16th Feb 19,,NS
228,Touhou Kobuto V: Burst Battle,Touhou Kobuto V: Burst Battle,,NIS America,,,,,10th Oct 17,04th Jan 18,,NS
229,Victor Vran: Overkill Edition,Victor Vran: Overkill Edition,,Wired Productions,,,,,28th Aug 18,24th Feb 19,,NS
230,Stern Pinball Arcade,Stern Pinball Arcade,,Alliance Digital Media,,,,,12th Dec 17,19th Feb 19,,NS
231,Asterix and Obelix XXL2,Asterix and Obelix XXL2,,Microids,,6.5,,,29th Nov 18,19th Feb 19,,NS
232,Disgaea 1 Complete,Disgaea 1 Complete,,NIS America,,8.0,,,09th Oct 18,19th Feb 19,,NS
233,Azure Striker Gunvolt: Striker Pack,Azure Striker Gunvolt: Striker Pack,,Nighthawk Interactive,,,,,21st Nov 17,11th Jan 18,,NS
234,Spintires: MudRunner - American Wilds,Spintires: MudRunner - American Wilds,,Maximum Games,,,,,23rd Oct 18,19th Feb 19,,NS
235,Portal Knights,Portal Knights,,505 Games,,,,,13th Feb 18,03rd Jul 18,,NS
236,One Piece: Pirate Warriors 3 - Deluxe Edition,One Piece: Pirate Warriors 3 - Deluxe Edition,,Bandai Namco Entertainment,,8.5,,,11th May 18,20th Feb 19,,NS
237,Party Arcade,Party Arcade,,Planet Entertainment,,,,,09th Nov 18,15th Aug 18,,NS
238,The End is Nigh,The End is Nigh Read the review,,Nicalis,,,,,12th Dec 17,28th Jan 18,,NS
239,Tiny Barbarian DX,Tiny Barbarian DX,,Nicalis,,,,,10th Oct 17,20th Feb 19,,NS
240,Owlboy,Owlboy Read the review,,Soedesco,7.0,9.0,,,29th May 18,06th Nov 18,,NS
241,Little Nightmares,Little Nightmares,,Bandai Namco Entertainment,,,,,18th May 18,20th Feb 19,,NS
242,Scribblenauts Mega Pack,Scribblenauts Mega Pack,,Warner Bros. Interactive Entertainment,,,,,18th Sep 18,20th Feb 19,,NS
243,Brawlout,Brawlout,,Merge Games,,6.2,,0.05m,26th Jun 18,22nd Feb 18,,NS
244,VOEZ,VOEZ,,PM Studios,,8.5,,0.05m,14th Aug 18,28th Jan 18,,NS
245,Senran Kagura Reflexions,Senran Kagura Reflexions,,Xseed Games,,,,0.05m,13th Sep 18,14th Oct 18,,NS
246,My Riding Stables: Life with Horses,My Riding Stables: Life with Horses,,TREVA Entertainment,,,,,13th Nov 18,04th Aug 18,,NS
247,Toki Collector's Edition,Toki Collector's Edition,,Microids,,,,,22nd Nov 18,22nd Feb 19,,NS
248,I am Setsuna,I am Setsuna,,Square Enix,,7.0,,,03rd Mar 17,04th Jul 18,,NS
249,Battle Chasers: Nightwar,Battle Chasers: Nightwar,,THQ Nordic,,8.5,,,15th May 18,22nd Sep 18,,NS
250,Wonder Boy: The Dragon's Trap (Remake),Wonder Boy: The Dragon's Trap (Remake),,DotEmu,,7.4,7.5,,18th Apr 17,10th Aug 18,,NS
